FROM,SOURCE_LOCATION,TO,TARGET_LOCATION,WEIGHT,TYPE,PERIOD
Alexandreia,Alexandreia,Assos,Assos,3,ESC,10
Alexandreia,Alexandreia,Anemorion,Anemorion,1,ESC,10
Alexandreia,Alexandreia,Apollo_Smintheion,Apollo_Smintheion,1,ESC,10
Alexandreia,Alexandreia,Tel_Anafa,Tel_Anafa,2,ESC,10
Alexandreia,Alexandreia,Troia/Ilion,Troia/Ilion,1,ESC,10
Alexandreia,Alexandreia,Athens,Athens,1,ESC,10
Alexandreia,Alexandreia,Ephesos,Ephesos,1,ESC,10
Amorion,Amorion,Apollo_Smintheion,Apollo_Smintheion,1,ESC,10
Amorion,Amorion,Assos,Assos,1,ESC,10
Amorion,Amorion,Paphos,Paphos,1,ESC,10
Amorion,Amorion,Troia/Ilion,Troia/Ilion,1,ESC,10
Amygdalea,Amygdalea,Anemorion,Anemorion,1,ESC,10
Amygdalea,Amygdalea,Apollo_Smintheion,Apollo_Smintheion,1,ESC,10
Amygdalea,Amygdalea,Argos,Argos,1,ESC,10
Amygdalea,Amygdalea,Assos,Assos,1,ESC,10
Amygdalea,Amygdalea,Athens,Athens,1,ESC,10
Amygdalea,Amygdalea,Ephesos,Ephesos,1,ESC,10
Amygdalea,Amygdalea,Knossos,Knossos,1,ESC,10
Amygdalea,Amygdalea,Stobi,Stobi,1,ESC,10
Anemorion,Anemorion,Apollo_Smintheion,Apollo_Smintheion,2,ESC,10
Anemorion,Anemorion,Assos,Assos,2,ESC,10
Anemorion,Anemorion,Tel_Anafa,Tel_Anafa,1,ESC,10
Anemorion,Anemorion,Troia/Ilion,Troia/Ilion,1,ESC,10
Anemorion,Anemorion,Argos,Argos,1,ESC,10
Anemorion,Anemorion,Athens,Athens,1,ESC,10
Anemorion,Anemorion,Ephesos,Ephesos,1,ESC,10
Anemorion,Anemorion,Knossos,Knossos,1,ESC,10
Anemorion,Anemorion,Stobi,Stobi,1,ESC,10
Apollo_Smintheion,Apollo_Smintheion,Assos,Assos,16,ESC,10
Apollo_Smintheion,Apollo_Smintheion,Paphos,Paphos,3,ESC,10
Apollo_Smintheion,Apollo_Smintheion,Troia/Ilion,Troia/Ilion,7,ESC,10
Apollo_Smintheion,Apollo_Smintheion,Tel_Anafa,Tel_Anafa,1,ESC,10
Apollo_Smintheion,Apollo_Smintheion,Argos,Argos,5,ESC,10
Apollo_Smintheion,Apollo_Smintheion,Athens,Athens,3,ESC,10
Apollo_Smintheion,Apollo_Smintheion,Ephesos,Ephesos,4,ESC,10
Apollo_Smintheion,Apollo_Smintheion,Knossos,Knossos,2,ESC,10
Apollo_Smintheion,Apollo_Smintheion,Stobi,Stobi,3,ESC,10
Apollo_Smintheion,Apollo_Smintheion,Gortyn,Gortyn,4,ESC,10
Apollo_Smintheion,Apollo_Smintheion,Kallion,Kallion,1,ESC,10
Apollo_Smintheion,Apollo_Smintheion,Kenchreai,Kenchreai,2,ESC,10
Apollo_Smintheion,Apollo_Smintheion,Samos_(Heraion),Samos_(Heraion),1,ESC,10
Apollo_Smintheion,Apollo_Smintheion,Sykea,Sykea,1,ESC,10
Apollo_Smintheion,Apollo_Smintheion,Veloukovo,Veloukovo,1,ESC,10
Apollo_Smintheion,Apollo_Smintheion,Sparta,Sparta,1,ESC,10
Apollo_Smintheion,Apollo_Smintheion,Corinth,Corinth,1,ESC,10
Apollo_Smintheion,Apollo_Smintheion,Pergamon,Pergamon,1,ESC,10
Argos,Argos,Assos,Assos,6,ESC,10
Argos,Argos,Athens,Athens,1,ESC,10
Argos,Argos,Ephesos,Ephesos,2,ESC,10
Argos,Argos,Knossos,Knossos,2,ESC,10
Argos,Argos,Stobi,Stobi,3,ESC,10
Argos,Argos,Gortyn,Gortyn,3,ESC,10
Argos,Argos,Kallion,Kallion,1,ESC,10
Argos,Argos,Kenchreai,Kenchreai,1,ESC,10
Argos,Argos,Paphos,Paphos,2,ESC,10
Argos,Argos,Samos_(Heraion),Samos_(Heraion),1,ESC,10
Argos,Argos,Sykea,Sykea,1,ESC,10
Argos,Argos,Troia/Ilion,Troia/Ilion,3,ESC,10
Argos,Argos,Corinth,Corinth,1,ESC,10
Argos,Argos,Pergamon,Pergamon,1,ESC,10
Assos,Assos,Tenos,Tenos,2,ESC,10
Assos,Assos,Troia/Ilion,Troia/Ilion,12,ESC,10
Assos,Assos,Paphos,Paphos,4,ESC,10
Assos,Assos,Tel_Anafa,Tel_Anafa,4,ESC,10
Assos,Assos,Athens,Athens,5,ESC,10
Assos,Assos,Ephesos,Ephesos,7,ESC,10
Assos,Assos,Knossos,Knossos,3,ESC,10
Assos,Assos,Stobi,Stobi,3,ESC,10
Assos,Assos,Gortyn,Gortyn,3,ESC,10
Assos,Assos,Kallion,Kallion,1,ESC,10
Assos,Assos,Kenchreai,Kenchreai,2,ESC,10
Assos,Assos,Samos_(Heraion),Samos_(Heraion),4,ESC,10
Assos,Assos,Sykea,Sykea,1,ESC,10
Assos,Assos,Veloukovo,Veloukovo,1,ESC,10
Assos,Assos,Sparta,Sparta,1,ESC,10
Assos,Assos,Pergamon,Pergamon,3,ESC,10
Assos,Assos,Corinth,Corinth,1,ESC,10
Assos,Assos,Gindaros,Gindaros,1,ESC,10
Assos,Assos,Kastro_Tigani,Kastro_Tigani,1,ESC,10
Assos,Assos,Kourion,Kourion,1,ESC,10
Athens,Athens,Ephesos,Ephesos,2,ESC,10
Athens,Athens,Knossos,Knossos,1,ESC,10
Athens,Athens,Stobi,Stobi,1,ESC,10
Athens,Athens,Veloukovo,Veloukovo,1,ESC,10
Athens,Athens,Sparta,Sparta,1,ESC,10
Athens,Athens,Pergamon,Pergamon,1,ESC,10
Athens,Athens,Tel_Anafa,Tel_Anafa,1,ESC,10
Corinth,Corinth,Gortyn,Gortyn,1,ESC,10
Corinth,Corinth,Stobi,Stobi,1,ESC,10
Ephesos,Ephesos,Knossos,Knossos,2,ESC,10
Ephesos,Ephesos,Stobi,Stobi,1,ESC,10
Ephesos,Ephesos,Gortyn,Gortyn,1,ESC,10
Ephesos,Ephesos,Kallion,Kallion,1,ESC,10
Ephesos,Ephesos,Kenchreai,Kenchreai,2,ESC,10
Ephesos,Ephesos,Paphos,Paphos,1,ESC,10
Ephesos,Ephesos,Samos_(Heraion),Samos_(Heraion),2,ESC,10
Ephesos,Ephesos,Sykea,Sykea,1,ESC,10
Ephesos,Ephesos,Troia/Ilion,Troia/Ilion,1,ESC,10
Ephesos,Ephesos,Tel_Anafa,Tel_Anafa,2,ESC,10
Gortyn,Gortyn,Kallion,Kallion,1,ESC,10
Gortyn,Gortyn,Kenchreai,Kenchreai,1,ESC,10
Gortyn,Gortyn,Knossos,Knossos,1,ESC,10
Gortyn,Gortyn,Paphos,Paphos,1,ESC,10
Gortyn,Gortyn,Samos_(Heraion),Samos_(Heraion),1,ESC,10
Gortyn,Gortyn,Sykea,Sykea,1,ESC,10
Gortyn,Gortyn,Troia/Ilion,Troia/Ilion,2,ESC,10
Gortyn,Gortyn,Stobi,Stobi,1,ESC,10
Gortyn,Gortyn,Pergamon,Pergamon,1,ESC,10
Jerusalem,Jerusalem,Troia/Ilion,Troia/Ilion,1,ESC,10
Kallion,Kallion,Kenchreai,Kenchreai,1,ESC,10
Kallion,Kallion,Knossos,Knossos,1,ESC,10
Kallion,Kallion,Paphos,Paphos,1,ESC,10
Kallion,Kallion,Samos_(Heraion),Samos_(Heraion),1,ESC,10
Kallion,Kallion,Sykea,Sykea,1,ESC,10
Kallion,Kallion,Troia/Ilion,Troia/Ilion,1,ESC,10
Kastro_Tigani,Kastro_Tigani,Knossos,Knossos,1,ESC,10
Kastro_Tigani,Kastro_Tigani,Kourion,Kourion,1,ESC,10
Kastro_Tigani,Kastro_Tigani,Troia/Ilion,Troia/Ilion,1,ESC,10
Kenchreai,Kenchreai,Knossos,Knossos,1,ESC,10
Kenchreai,Kenchreai,Paphos,Paphos,1,ESC,10
Kenchreai,Kenchreai,Samos_(Heraion),Samos_(Heraion),1,ESC,10
Kenchreai,Kenchreai,Sykea,Sykea,1,ESC,10
Kenchreai,Kenchreai,Troia/Ilion,Troia/Ilion,1,ESC,10
Knossos,Knossos,Stobi,Stobi,1,ESC,10
Knossos,Knossos,Paphos,Paphos,1,ESC,10
Knossos,Knossos,Samos_(Heraion),Samos_(Heraion),1,ESC,10
Knossos,Knossos,Sykea,Sykea,1,ESC,10
Knossos,Knossos,Troia/Ilion,Troia/Ilion,2,ESC,10
Knossos,Knossos,Kourion,Kourion,1,ESC,10
Kourion,Kourion,Troia/Ilion,Troia/Ilion,1,ESC,10
Paphos,Paphos,Troia/Ilion,Troia/Ilion,3,ESC,10
Paphos,Paphos,Samos_(Heraion),Samos_(Heraion),2,ESC,10
Paphos,Paphos,Sykea,Sykea,1,ESC,10
Paphos,Paphos,Stobi,Stobi,1,ESC,10
Paphos,Paphos,Pergamon,Pergamon,1,ESC,10
Pergamon,Pergamon,Samos_(Heraion),Samos_(Heraion),1,ESC,10
Pergamon,Pergamon,Troia/Ilion,Troia/Ilion,1,ESC,10
Samos_(Heraion),Samos_(Heraion),Sykea,Sykea,1,ESC,10
Samos_(Heraion),Samos_(Heraion),Troia/Ilion,Troia/Ilion,2,ESC,10
Stobi,Stobi,Troia/Ilion,Troia/Ilion,1,ESC,10
Sykea,Sykea,Troia/Ilion,Troia/Ilion,1,ESC,10
Tel_Anafa,Tel_Anafa,Troia/Ilion,Troia/Ilion,1,ESC,10
Alexandreia,Alexandreia,Anemorion,Anemorion,1,ESC,11
Alexandreia,Alexandreia,Apollo_Smintheion,Apollo_Smintheion,1,ESC,11
Alexandreia,Alexandreia,Assos,Assos,1,ESC,11
Alexandreia,Alexandreia,Tel_Anafa,Tel_Anafa,1,ESC,11
Alexandreia,Alexandreia,Troia/Ilion,Troia/Ilion,1,ESC,11
Amorion,Amorion,Apollo_Smintheion,Apollo_Smintheion,1,ESC,11
Amorion,Amorion,Assos,Assos,1,ESC,11
Amorion,Amorion,Paphos,Paphos,1,ESC,11
Amorion,Amorion,Troia/Ilion,Troia/Ilion,1,ESC,11
Amygdalea,Amygdalea,Anemorion,Anemorion,1,ESC,11
Amygdalea,Amygdalea,Apollo_Smintheion,Apollo_Smintheion,1,ESC,11
Amygdalea,Amygdalea,Argos,Argos,1,ESC,11
Amygdalea,Amygdalea,Assos,Assos,1,ESC,11
Amygdalea,Amygdalea,Athens,Athens,1,ESC,11
Amygdalea,Amygdalea,Ephesos,Ephesos,1,ESC,11
Amygdalea,Amygdalea,Knossos,Knossos,1,ESC,11
Amygdalea,Amygdalea,Stobi,Stobi,1,ESC,11
Anemorion,Anemorion,Apollo_Smintheion,Apollo_Smintheion,2,ESC,11
Anemorion,Anemorion,Assos,Assos,2,ESC,11
Anemorion,Anemorion,Tel_Anafa,Tel_Anafa,1,ESC,11
Anemorion,Anemorion,Troia/Ilion,Troia/Ilion,1,ESC,11
Anemorion,Anemorion,Argos,Argos,1,ESC,11
Anemorion,Anemorion,Athens,Athens,1,ESC,11
Anemorion,Anemorion,Ephesos,Ephesos,1,ESC,11
Anemorion,Anemorion,Knossos,Knossos,1,ESC,11
Anemorion,Anemorion,Stobi,Stobi,1,ESC,11
Apollo_Smintheion,Apollo_Smintheion,Assos,Assos,17,ESC,11
Apollo_Smintheion,Apollo_Smintheion,Paphos,Paphos,3,ESC,11
Apollo_Smintheion,Apollo_Smintheion,Troia/Ilion,Troia/Ilion,8,ESC,11
Apollo_Smintheion,Apollo_Smintheion,Tel_Anafa,Tel_Anafa,1,ESC,11
Apollo_Smintheion,Apollo_Smintheion,Argos,Argos,5,ESC,11
Apollo_Smintheion,Apollo_Smintheion,Athens,Athens,2,ESC,11
Apollo_Smintheion,Apollo_Smintheion,Ephesos,Ephesos,4,ESC,11
Apollo_Smintheion,Apollo_Smintheion,Knossos,Knossos,3,ESC,11
Apollo_Smintheion,Apollo_Smintheion,Stobi,Stobi,3,ESC,11
Apollo_Smintheion,Apollo_Smintheion,Gortyn,Gortyn,4,ESC,11
Apollo_Smintheion,Apollo_Smintheion,Kallion,Kallion,1,ESC,11
Apollo_Smintheion,Apollo_Smintheion,Kenchreai,Kenchreai,2,ESC,11
Apollo_Smintheion,Apollo_Smintheion,Samos_(Heraion),Samos_(Heraion),1,ESC,11
Apollo_Smintheion,Apollo_Smintheion,Sykea,Sykea,1,ESC,11
Apollo_Smintheion,Apollo_Smintheion,Sparta,Sparta,1,ESC,11
Apollo_Smintheion,Apollo_Smintheion,Corinth,Corinth,1,ESC,11
Apollo_Smintheion,Apollo_Smintheion,Pergamon,Pergamon,1,ESC,11
Argos,Argos,Assos,Assos,8,ESC,11
Argos,Argos,Athens,Athens,1,ESC,11
Argos,Argos,Ephesos,Ephesos,4,ESC,11
Argos,Argos,Knossos,Knossos,4,ESC,11
Argos,Argos,Stobi,Stobi,3,ESC,11
Argos,Argos,Gortyn,Gortyn,3,ESC,11
Argos,Argos,Kallion,Kallion,1,ESC,11
Argos,Argos,Kenchreai,Kenchreai,1,ESC,11
Argos,Argos,Paphos,Paphos,3,ESC,11
Argos,Argos,Samos_(Heraion),Samos_(Heraion),3,ESC,11
Argos,Argos,Sykea,Sykea,1,ESC,11
Argos,Argos,Troia/Ilion,Troia/Ilion,5,ESC,11
Argos,Argos,Corinth,Corinth,3,ESC,11
Argos,Argos,Eretria,Eretria,2,ESC,11
Argos,Argos,Kydonia,Kydonia,1,ESC,11
Argos,Argos,Pergamon,Pergamon,1,ESC,11
Assos,Assos,Tenos,Tenos,2,ESC,11
Assos,Assos,Troia/Ilion,Troia/Ilion,15,ESC,11
Assos,Assos,Paphos,Paphos,4,ESC,11
Assos,Assos,Tel_Anafa,Tel_Anafa,2,ESC,11
Assos,Assos,Athens,Athens,3,ESC,11
Assos,Assos,Ephesos,Ephesos,7,ESC,11
Assos,Assos,Knossos,Knossos,6,ESC,11
Assos,Assos,Stobi,Stobi,3,ESC,11
Assos,Assos,Gortyn,Gortyn,3,ESC,11
Assos,Assos,Kallion,Kallion,1,ESC,11
Assos,Assos,Kenchreai,Kenchreai,2,ESC,11
Assos,Assos,Samos_(Heraion),Samos_(Heraion),4,ESC,11
Assos,Assos,Sykea,Sykea,1,ESC,11
Assos,Assos,Corinth,Corinth,3,ESC,11
Assos,Assos,Eretria,Eretria,2,ESC,11
Assos,Assos,Kydonia,Kydonia,1,ESC,11
Assos,Assos,Sparta,Sparta,1,ESC,11
Assos,Assos,Pergamon,Pergamon,3,ESC,11
Assos,Assos,Gindaros,Gindaros,1,ESC,11
Assos,Assos,Kastro_Tigani,Kastro_Tigani,1,ESC,11
Assos,Assos,Kourion,Kourion,1,ESC,11
Athens,Athens,Ephesos,Ephesos,1,ESC,11
Athens,Athens,Knossos,Knossos,1,ESC,11
Athens,Athens,Stobi,Stobi,1,ESC,11
Athens,Athens,Sparta,Sparta,1,ESC,11
Athens,Athens,Pergamon,Pergamon,1,ESC,11
Corinth,Corinth,Troia/Ilion,Troia/Ilion,3,ESC,11
Corinth,Corinth,Ephesos,Ephesos,2,ESC,11
Corinth,Corinth,Eretria,Eretria,2,ESC,11
Corinth,Corinth,Knossos,Knossos,2,ESC,11
Corinth,Corinth,Kydonia,Kydonia,1,ESC,11
Corinth,Corinth,Paphos,Paphos,1,ESC,11
Corinth,Corinth,Samos_(Heraion),Samos_(Heraion),2,ESC,11
Corinth,Corinth,Gortyn,Gortyn,1,ESC,11
Corinth,Corinth,Stobi,Stobi,1,ESC,11
Ephesos,Ephesos,Knossos,Knossos,4,ESC,11
Ephesos,Ephesos,Stobi,Stobi,1,ESC,11
Ephesos,Ephesos,Gortyn,Gortyn,1,ESC,11
Ephesos,Ephesos,Kallion,Kallion,1,ESC,11
Ephesos,Ephesos,Kenchreai,Kenchreai,2,ESC,11
Ephesos,Ephesos,Paphos,Paphos,2,ESC,11
Ephesos,Ephesos,Samos_(Heraion),Samos_(Heraion),4,ESC,11
Ephesos,Ephesos,Sykea,Sykea,1,ESC,11
Ephesos,Ephesos,Troia/Ilion,Troia/Ilion,3,ESC,11
Ephesos,Ephesos,Eretria,Eretria,2,ESC,11
Ephesos,Ephesos,Kydonia,Kydonia,1,ESC,11
Eretria,Eretria,Knossos,Knossos,2,ESC,11
Eretria,Eretria,Kydonia,Kydonia,1,ESC,11
Eretria,Eretria,Paphos,Paphos,1,ESC,11
Eretria,Eretria,Samos_(Heraion),Samos_(Heraion),2,ESC,11
Eretria,Eretria,Troia/Ilion,Troia/Ilion,2,ESC,11
Gortyn,Gortyn,Kallion,Kallion,1,ESC,11
Gortyn,Gortyn,Kenchreai,Kenchreai,1,ESC,11
Gortyn,Gortyn,Knossos,Knossos,1,ESC,11
Gortyn,Gortyn,Paphos,Paphos,1,ESC,11
Gortyn,Gortyn,Samos_(Heraion),Samos_(Heraion),1,ESC,11
Gortyn,Gortyn,Sykea,Sykea,1,ESC,11
Gortyn,Gortyn,Troia/Ilion,Troia/Ilion,2,ESC,11
Gortyn,Gortyn,Stobi,Stobi,1,ESC,11
Gortyn,Gortyn,Pergamon,Pergamon,1,ESC,11
Jerusalem,Jerusalem,Troia/Ilion,Troia/Ilion,1,ESC,11
Kallion,Kallion,Kenchreai,Kenchreai,1,ESC,11
Kallion,Kallion,Knossos,Knossos,1,ESC,11
Kallion,Kallion,Paphos,Paphos,1,ESC,11
Kallion,Kallion,Samos_(Heraion),Samos_(Heraion),1,ESC,11
Kallion,Kallion,Sykea,Sykea,1,ESC,11
Kallion,Kallion,Troia/Ilion,Troia/Ilion,1,ESC,11
Kastro_Tigani,Kastro_Tigani,Knossos,Knossos,1,ESC,11
Kastro_Tigani,Kastro_Tigani,Kourion,Kourion,1,ESC,11
Kastro_Tigani,Kastro_Tigani,Troia/Ilion,Troia/Ilion,1,ESC,11
Kenchreai,Kenchreai,Knossos,Knossos,1,ESC,11
Kenchreai,Kenchreai,Paphos,Paphos,1,ESC,11
Kenchreai,Kenchreai,Samos_(Heraion),Samos_(Heraion),1,ESC,11
Kenchreai,Kenchreai,Sykea,Sykea,1,ESC,11
Kenchreai,Kenchreai,Troia/Ilion,Troia/Ilion,1,ESC,11
Knossos,Knossos,Stobi,Stobi,1,ESC,11
Knossos,Knossos,Paphos,Paphos,2,ESC,11
Knossos,Knossos,Samos_(Heraion),Samos_(Heraion),3,ESC,11
Knossos,Knossos,Sykea,Sykea,1,ESC,11
Knossos,Knossos,Troia/Ilion,Troia/Ilion,5,ESC,11
Knossos,Knossos,Kydonia,Kydonia,1,ESC,11
Knossos,Knossos,Kourion,Kourion,1,ESC,11
Kourion,Kourion,Troia/Ilion,Troia/Ilion,1,ESC,11
Kydonia,Kydonia,Paphos,Paphos,1,ESC,11
Kydonia,Kydonia,Samos_(Heraion),Samos_(Heraion),1,ESC,11
Kydonia,Kydonia,Troia/Ilion,Troia/Ilion,1,ESC,11
Paphos,Paphos,Troia/Ilion,Troia/Ilion,4,ESC,11
Paphos,Paphos,Samos_(Heraion),Samos_(Heraion),3,ESC,11
Paphos,Paphos,Sykea,Sykea,1,ESC,11
Paphos,Paphos,Stobi,Stobi,1,ESC,11
Paphos,Paphos,Pergamon,Pergamon,1,ESC,11
Pergamon,Pergamon,Samos_(Heraion),Samos_(Heraion),1,ESC,11
Pergamon,Pergamon,Troia/Ilion,Troia/Ilion,1,ESC,11
Samos_(Heraion),Samos_(Heraion),Sykea,Sykea,1,ESC,11
Samos_(Heraion),Samos_(Heraion),Troia/Ilion,Troia/Ilion,4,ESC,11
Stobi,Stobi,Troia/Ilion,Troia/Ilion,1,ESC,11
Sykea,Sykea,Troia/Ilion,Troia/Ilion,1,ESC,11
Tel_Anafa,Tel_Anafa,Troia/Ilion,Troia/Ilion,1,ESC,11
Tanagra,Tanagra,Thasos,Thasos,1,ESC,11
Alexandreia,Alexandreia,Anemorion,Anemorion,1,ESC,12
Alexandreia,Alexandreia,Apollo_Smintheion,Apollo_Smintheion,1,ESC,12
Alexandreia,Alexandreia,Assos,Assos,1,ESC,12
Alexandreia,Alexandreia,Tel_Anafa,Tel_Anafa,1,ESC,12
Alexandreia,Alexandreia,Troia/Ilion,Troia/Ilion,1,ESC,12
Amygdalea,Amygdalea,Anemorion,Anemorion,1,ESC,12
Amygdalea,Amygdalea,Apollo_Smintheion,Apollo_Smintheion,1,ESC,12
Amygdalea,Amygdalea,Argos,Argos,1,ESC,12
Amygdalea,Amygdalea,Assos,Assos,1,ESC,12
Amygdalea,Amygdalea,Athens,Athens,1,ESC,12
Amygdalea,Amygdalea,Ephesos,Ephesos,1,ESC,12
Amygdalea,Amygdalea,Knossos,Knossos,1,ESC,12
Amygdalea,Amygdalea,Stobi,Stobi,1,ESC,12
Anemorion,Anemorion,Apollo_Smintheion,Apollo_Smintheion,2,ESC,12
Anemorion,Anemorion,Assos,Assos,2,ESC,12
Anemorion,Anemorion,Tel_Anafa,Tel_Anafa,1,ESC,12
Anemorion,Anemorion,Troia/Ilion,Troia/Ilion,1,ESC,12
Anemorion,Anemorion,Argos,Argos,1,ESC,12
Anemorion,Anemorion,Athens,Athens,1,ESC,12
Anemorion,Anemorion,Ephesos,Ephesos,1,ESC,12
Anemorion,Anemorion,Knossos,Knossos,1,ESC,12
Anemorion,Anemorion,Stobi,Stobi,1,ESC,12
Apollo_Smintheion,Apollo_Smintheion,Assos,Assos,17,ESC,12
Apollo_Smintheion,Apollo_Smintheion,Tel_Anafa,Tel_Anafa,1,ESC,12
Apollo_Smintheion,Apollo_Smintheion,Troia/Ilion,Troia/Ilion,8,ESC,12
Apollo_Smintheion,Apollo_Smintheion,Argos,Argos,5,ESC,12
Apollo_Smintheion,Apollo_Smintheion,Athens,Athens,2,ESC,12
Apollo_Smintheion,Apollo_Smintheion,Ephesos,Ephesos,5,ESC,12
Apollo_Smintheion,Apollo_Smintheion,Knossos,Knossos,3,ESC,12
Apollo_Smintheion,Apollo_Smintheion,Stobi,Stobi,3,ESC,12
Apollo_Smintheion,Apollo_Smintheion,Gortyn,Gortyn,4,ESC,12
Apollo_Smintheion,Apollo_Smintheion,Kallion,Kallion,1,ESC,12
Apollo_Smintheion,Apollo_Smintheion,Kenchreai,Kenchreai,2,ESC,12
Apollo_Smintheion,Apollo_Smintheion,Paphos,Paphos,2,ESC,12
Apollo_Smintheion,Apollo_Smintheion,Samos_(Heraion),Samos_(Heraion),1,ESC,12
Apollo_Smintheion,Apollo_Smintheion,Sykea,Sykea,1,ESC,12
Apollo_Smintheion,Apollo_Smintheion,Sparta,Sparta,1,ESC,12
Apollo_Smintheion,Apollo_Smintheion,Corinth,Corinth,1,ESC,12
Apollo_Smintheion,Apollo_Smintheion,Pergamon,Pergamon,2,ESC,12
Argos,Argos,Assos,Assos,7,ESC,12
Argos,Argos,Athens,Athens,2,ESC,12
Argos,Argos,Ephesos,Ephesos,4,ESC,12
Argos,Argos,Knossos,Knossos,4,ESC,12
Argos,Argos,Stobi,Stobi,3,ESC,12
Argos,Argos,Gortyn,Gortyn,3,ESC,12
Argos,Argos,Kallion,Kallion,1,ESC,12
Argos,Argos,Kenchreai,Kenchreai,2,ESC,12
Argos,Argos,Paphos,Paphos,3,ESC,12
Argos,Argos,Samos_(Heraion),Samos_(Heraion),3,ESC,12
Argos,Argos,Sykea,Sykea,1,ESC,12
Argos,Argos,Troia/Ilion,Troia/Ilion,5,ESC,12
Argos,Argos,Corinth,Corinth,2,ESC,12
Argos,Argos,Eretria,Eretria,1,ESC,12
Argos,Argos,Perge,Perge,1,ESC,12
Argos,Argos,MS116,MS116,1,ESC,12
Argos,Argos,Pergamon,Pergamon,1,ESC,12
Assos,Assos,Tenos,Tenos,2,ESC,12
Assos,Assos,Troia/Ilion,Troia/Ilion,15,ESC,12
Assos,Assos,Tel_Anafa,Tel_Anafa,2,ESC,12
Assos,Assos,Athens,Athens,4,ESC,12
Assos,Assos,Ephesos,Ephesos,8,ESC,12
Assos,Assos,Knossos,Knossos,6,ESC,12
Assos,Assos,Stobi,Stobi,3,ESC,12
Assos,Assos,Gortyn,Gortyn,3,ESC,12
Assos,Assos,Kallion,Kallion,1,ESC,12
Assos,Assos,Kenchreai,Kenchreai,3,ESC,12
Assos,Assos,Paphos,Paphos,3,ESC,12
Assos,Assos,Samos_(Heraion),Samos_(Heraion),4,ESC,12
Assos,Assos,Sykea,Sykea,1,ESC,12
Assos,Assos,Corinth,Corinth,2,ESC,12
Assos,Assos,Eretria,Eretria,1,ESC,12
Assos,Assos,Sparta,Sparta,1,ESC,12
Assos,Assos,Pergamon,Pergamon,4,ESC,12
Assos,Assos,MS116,MS116,1,ESC,12
Assos,Assos,Gindaros,Gindaros,1,ESC,12
Assos,Assos,Kastro_Tigani,Kastro_Tigani,1,ESC,12
Assos,Assos,Kourion,Kourion,1,ESC,12
Athens,Athens,Ephesos,Ephesos,3,ESC,12
Athens,Athens,Knossos,Knossos,2,ESC,12
Athens,Athens,Stobi,Stobi,1,ESC,12
Athens,Athens,Sparta,Sparta,1,ESC,12
Athens,Athens,Pergamon,Pergamon,1,ESC,12
Athens,Athens,Kenchreai,Kenchreai,2,ESC,12
Athens,Athens,MS116,MS116,1,ESC,12
Athens,Athens,Paphos,Paphos,2,ESC,12
Athens,Athens,Samos_(Heraion),Samos_(Heraion),1,ESC,12
Athens,Athens,Troia/Ilion,Troia/Ilion,1,ESC,12
Athens,Athens,Eretria,Eretria,1,ESC,12
Athens,Athens,Gortyn,Gortyn,1,ESC,12
Corinth,Corinth,Troia/Ilion,Troia/Ilion,2,ESC,12
Corinth,Corinth,Ephesos,Ephesos,1,ESC,12
Corinth,Corinth,Eretria,Eretria,1,ESC,12
Corinth,Corinth,Knossos,Knossos,1,ESC,12
Corinth,Corinth,Samos_(Heraion),Samos_(Heraion),1,ESC,12
Corinth,Corinth,Gortyn,Gortyn,1,ESC,12
Corinth,Corinth,Stobi,Stobi,1,ESC,12
Ephesos,Ephesos,Knossos,Knossos,4,ESC,12
Ephesos,Ephesos,Stobi,Stobi,1,ESC,12
Ephesos,Ephesos,Gortyn,Gortyn,2,ESC,12
Ephesos,Ephesos,Kallion,Kallion,1,ESC,12
Ephesos,Ephesos,Kenchreai,Kenchreai,4,ESC,12
Ephesos,Ephesos,Paphos,Paphos,3,ESC,12
Ephesos,Ephesos,Samos_(Heraion),Samos_(Heraion),4,ESC,12
Ephesos,Ephesos,Sykea,Sykea,1,ESC,12
Ephesos,Ephesos,Troia/Ilion,Troia/Ilion,4,ESC,12
Ephesos,Ephesos,Eretria,Eretria,2,ESC,12
Ephesos,Ephesos,MS116,MS116,1,ESC,12
Ephesos,Ephesos,Pergamon,Pergamon,1,ESC,12
Eretria,Eretria,Knossos,Knossos,1,ESC,12
Eretria,Eretria,Samos_(Heraion),Samos_(Heraion),1,ESC,12
Eretria,Eretria,Troia/Ilion,Troia/Ilion,1,ESC,12
Eretria,Eretria,Gortyn,Gortyn,1,ESC,12
Eretria,Eretria,Kenchreai,Kenchreai,1,ESC,12
Eretria,Eretria,Paphos,Paphos,1,ESC,12
Gortyn,Gortyn,Kallion,Kallion,1,ESC,12
Gortyn,Gortyn,Kenchreai,Kenchreai,2,ESC,12
Gortyn,Gortyn,Knossos,Knossos,1,ESC,12
Gortyn,Gortyn,Paphos,Paphos,2,ESC,12
Gortyn,Gortyn,Samos_(Heraion),Samos_(Heraion),1,ESC,12
Gortyn,Gortyn,Sykea,Sykea,1,ESC,12
Gortyn,Gortyn,Troia/Ilion,Troia/Ilion,2,ESC,12
Gortyn,Gortyn,Stobi,Stobi,1,ESC,12
Gortyn,Gortyn,Pergamon,Pergamon,1,ESC,12
Jerusalem,Jerusalem,Troia/Ilion,Troia/Ilion,1,ESC,12
Kallion,Kallion,Kenchreai,Kenchreai,1,ESC,12
Kallion,Kallion,Knossos,Knossos,1,ESC,12
Kallion,Kallion,Paphos,Paphos,1,ESC,12
Kallion,Kallion,Samos_(Heraion),Samos_(Heraion),1,ESC,12
Kallion,Kallion,Sykea,Sykea,1,ESC,12
Kallion,Kallion,Troia/Ilion,Troia/Ilion,1,ESC,12
Kastro_Tigani,Kastro_Tigani,Knossos,Knossos,1,ESC,12
Kastro_Tigani,Kastro_Tigani,Kourion,Kourion,1,ESC,12
Kastro_Tigani,Kastro_Tigani,Troia/Ilion,Troia/Ilion,1,ESC,12
Kenchreai,Kenchreai,Knossos,Knossos,2,ESC,12
Kenchreai,Kenchreai,Paphos,Paphos,3,ESC,12
Kenchreai,Kenchreai,Samos_(Heraion),Samos_(Heraion),2,ESC,12
Kenchreai,Kenchreai,Sykea,Sykea,1,ESC,12
Kenchreai,Kenchreai,Troia/Ilion,Troia/Ilion,2,ESC,12
Kenchreai,Kenchreai,MS116,MS116,1,ESC,12
Knossos,Knossos,Stobi,Stobi,1,ESC,12
Knossos,Knossos,Paphos,Paphos,2,ESC,12
Knossos,Knossos,Samos_(Heraion),Samos_(Heraion),3,ESC,12
Knossos,Knossos,Sykea,Sykea,1,ESC,12
Knossos,Knossos,Troia/Ilion,Troia/Ilion,5,ESC,12
Knossos,Knossos,MS116,MS116,1,ESC,12
Knossos,Knossos,Kourion,Kourion,1,ESC,12
Kourion,Kourion,Troia/Ilion,Troia/Ilion,1,ESC,12
MS116,MS116,Paphos,Paphos,1,ESC,12
MS116,MS116,Samos_(Heraion),Samos_(Heraion),1,ESC,12
MS116,MS116,Troia/Ilion,Troia/Ilion,1,ESC,12
Paphos,Paphos,Samos_(Heraion),Samos_(Heraion),3,ESC,12
Paphos,Paphos,Sykea,Sykea,1,ESC,12
Paphos,Paphos,Troia/Ilion,Troia/Ilion,3,ESC,12
Paphos,Paphos,Stobi,Stobi,1,ESC,12
Paphos,Paphos,Pergamon,Pergamon,1,ESC,12
Pergamon,Pergamon,Troia/Ilion,Troia/Ilion,2,ESC,12
Pergamon,Pergamon,Samos_(Heraion),Samos_(Heraion),1,ESC,12
Samos_(Heraion),Samos_(Heraion),Sykea,Sykea,1,ESC,12
Samos_(Heraion),Samos_(Heraion),Troia/Ilion,Troia/Ilion,4,ESC,12
Stobi,Stobi,Troia/Ilion,Troia/Ilion,1,ESC,12
Sykea,Sykea,Troia/Ilion,Troia/Ilion,1,ESC,12
Tel_Anafa,Tel_Anafa,Troia/Ilion,Troia/Ilion,1,ESC,12
Tanagra,Tanagra,Thasos,Thasos,1,ESC,12
Abdera,Abdera,Aizanoi,Aizanoi,1,ESB,10
Abdera,Abdera,Athens,Athens,1,ESB,10
Abdera,Abdera,Corinth,Corinth,1,ESB,10
Abdera,Abdera,Delos,Delos,1,ESB,10
Abdera,Abdera,Ephesos,Ephesos,1,ESB,10
Abdera,Abdera,Petra,Petra,1,ESB,10
Abdera,Abdera,Samos_(Heraion),Samos_(Heraion),1,ESB,10
Abdera,Abdera,Troia/Ilion,Troia/Ilion,1,ESB,10
Aizanoi,Aizanoi,Athens,Athens,3,ESB,10
Aizanoi,Aizanoi,Ephesos,Ephesos,3,ESB,10
Aizanoi,Aizanoi,Priene,Priene,2,ESB,10
Aizanoi,Aizanoi,Tarsos,Tarsos,1,ESB,10
Aizanoi,Aizanoi,Corinth,Corinth,2,ESB,10
Aizanoi,Aizanoi,Delos,Delos,1,ESB,10
Aizanoi,Aizanoi,Petra,Petra,1,ESB,10
Aizanoi,Aizanoi,Samos_(Heraion),Samos_(Heraion),1,ESB,10
Aizanoi,Aizanoi,Troia/Ilion,Troia/Ilion,1,ESB,10
Aizanoi,Aizanoi,Antiocheia_ad_Orontem,Antiocheia_ad_Orontem,1,ESB,10
Aizanoi,Aizanoi,Knossos,Knossos,1,ESB,10
Alexandreia,Alexandreia,Berenike,Berenike,1,ESB,10
Alexandreia,Alexandreia,Corinth,Corinth,1,ESB,10
Alexandreia,Alexandreia,Ephesos,Ephesos,2,ESB,10
Alexandreia,Alexandreia,Eretria,Eretria,1,ESB,10
Alexandreia,Alexandreia,Knossos,Knossos,1,ESB,10
Alexandreia,Alexandreia,Myos_Hormos,Myos_Hormos,1,ESB,10
Alexandreia,Alexandreia,Olympia,Olympia,1,ESB,10
Alexandreia,Alexandreia,Athens,Athens,1,ESB,10
Alexandreia,Alexandreia,Kenchreai,Kenchreai,1,ESB,10
Alexandreia,Alexandreia,Priene,Priene,1,ESB,10
Alexandreia,Alexandreia,Tel_Anafa,Tel_Anafa,1,ESB,10
Alexandreia,Alexandreia,Troia/Ilion,Troia/Ilion,1,ESB,10
Amorion,Amorion,Assos,Assos,1,ESB,10
Amorion,Amorion,Ephesos,Ephesos,1,ESB,10
Antiocheia_ad_Orontem,Antiocheia_ad_Orontem,Athens,Athens,1,ESB,10
Antiocheia_ad_Orontem,Antiocheia_ad_Orontem,Corinth,Corinth,1,ESB,10
Antiocheia_ad_Orontem,Antiocheia_ad_Orontem,Ephesos,Ephesos,1,ESB,10
Antiocheia_ad_Orontem,Antiocheia_ad_Orontem,Knossos,Knossos,1,ESB,10
Antiocheia_ad_Orontem,Antiocheia_ad_Orontem,Priene,Priene,1,ESB,10
Assos,Assos,Corinth,Corinth,2,ESB,10
Assos,Assos,Kenchreai,Kenchreai,1,ESB,10
Assos,Assos,Meroe,Meroe,1,ESB,10
Assos,Assos,Myos_Hormos,Myos_Hormos,1,ESB,10
Assos,Assos,Ephesos,Ephesos,2,ESB,10
Athens,Athens,Ephesos,Ephesos,6,ESB,10
Athens,Athens,Priene,Priene,5,ESB,10
Athens,Athens,Knossos,Knossos,2,ESB,10
Athens,Athens,Tarsos,Tarsos,1,ESB,10
Athens,Athens,Corinth,Corinth,3,ESB,10
Athens,Athens,Delos,Delos,1,ESB,10
Athens,Athens,Petra,Petra,1,ESB,10
Athens,Athens,Samos_(Heraion),Samos_(Heraion),1,ESB,10
Athens,Athens,Troia/Ilion,Troia/Ilion,2,ESB,10
Athens,Athens,Kenchreai,Kenchreai,1,ESB,10
Athens,Athens,Tel_Anafa,Tel_Anafa,1,ESB,10
Berenike,Berenike,Corinth,Corinth,1,ESB,10
Berenike,Berenike,Ephesos,Ephesos,1,ESB,10
Berenike,Berenike,Eretria,Eretria,1,ESB,10
Berenike,Berenike,Knossos,Knossos,1,ESB,10
Berenike,Berenike,Myos_Hormos,Myos_Hormos,1,ESB,10
Berenike,Berenike,Olympia,Olympia,1,ESB,10
Berenike,Berenike,Jerusalem,Jerusalem,1,ESB,10
Corinth,Corinth,Kenchreai,Kenchreai,1,ESB,10
Corinth,Corinth,Meroe,Meroe,1,ESB,10
Corinth,Corinth,Myos_Hormos,Myos_Hormos,2,ESB,10
Corinth,Corinth,Ephesos,Ephesos,5,ESB,10
Corinth,Corinth,Eretria,Eretria,1,ESB,10
Corinth,Corinth,Knossos,Knossos,2,ESB,10
Corinth,Corinth,Olympia,Olympia,1,ESB,10
Corinth,Corinth,Delos,Delos,1,ESB,10
Corinth,Corinth,Petra,Petra,1,ESB,10
Corinth,Corinth,Samos_(Heraion),Samos_(Heraion),1,ESB,10
Corinth,Corinth,Troia/Ilion,Troia/Ilion,1,ESB,10
Corinth,Corinth,Priene,Priene,2,ESB,10
Delos,Delos,Ephesos,Ephesos,1,ESB,10
Delos,Delos,Petra,Petra,1,ESB,10
Delos,Delos,Samos_(Heraion),Samos_(Heraion),1,ESB,10
Delos,Delos,Troia/Ilion,Troia/Ilion,1,ESB,10
Ephesos,Ephesos,Priene,Priene,5,ESB,10
Ephesos,Ephesos,Tarsos,Tarsos,1,ESB,10
Ephesos,Ephesos,Eretria,Eretria,1,ESB,10
Ephesos,Ephesos,Knossos,Knossos,2,ESB,10
Ephesos,Ephesos,Myos_Hormos,Myos_Hormos,1,ESB,10
Ephesos,Ephesos,Olympia,Olympia,1,ESB,10
Ephesos,Ephesos,Petra,Petra,1,ESB,10
Ephesos,Ephesos,Samos_(Heraion),Samos_(Heraion),1,ESB,10
Ephesos,Ephesos,Troia/Ilion,Troia/Ilion,2,ESB,10
Ephesos,Ephesos,Kenchreai,Kenchreai,1,ESB,10
Ephesos,Ephesos,Tel_Anafa,Tel_Anafa,1,ESB,10
Eretria,Eretria,Knossos,Knossos,1,ESB,10
Eretria,Eretria,Myos_Hormos,Myos_Hormos,1,ESB,10
Eretria,Eretria,Olympia,Olympia,1,ESB,10
Kenchreai,Kenchreai,Meroe,Meroe,1,ESB,10
Kenchreai,Kenchreai,Myos_Hormos,Myos_Hormos,1,ESB,10
Kenchreai,Kenchreai,Priene,Priene,1,ESB,10
Kenchreai,Kenchreai,Tel_Anafa,Tel_Anafa,1,ESB,10
Kenchreai,Kenchreai,Troia/Ilion,Troia/Ilion,1,ESB,10
Knossos,Knossos,Myos_Hormos,Myos_Hormos,1,ESB,10
Knossos,Knossos,Olympia,Olympia,1,ESB,10
Knossos,Knossos,Priene,Priene,1,ESB,10
Meroe,Meroe,Myos_Hormos,Myos_Hormos,1,ESB,10
Myos_Hormos,Myos_Hormos,Olympia,Olympia,1,ESB,10
Petra,Petra,Samos_(Heraion),Samos_(Heraion),1,ESB,10
Petra,Petra,Troia/Ilion,Troia/Ilion,1,ESB,10
Priene,Priene,Tarsos,Tarsos,1,ESB,10
Priene,Priene,Tel_Anafa,Tel_Anafa,1,ESB,10
Priene,Priene,Troia/Ilion,Troia/Ilion,1,ESB,10
Samos_(Heraion),Samos_(Heraion),Troia/Ilion,Troia/Ilion,1,ESB,10
Tel_Anafa,Tel_Anafa,Troia/Ilion,Troia/Ilion,1,ESB,10
Aizanoi,Aizanoi,Corinth,Corinth,2,ESB,11
Aizanoi,Aizanoi,Ephesos,Ephesos,4,ESB,11
Aizanoi,Aizanoi,Paphos,Paphos,1,ESB,11
Aizanoi,Aizanoi,Alexandreia,Alexandreia,2,ESB,11
Aizanoi,Aizanoi,Berenike,Berenike,1,ESB,11
Aizanoi,Aizanoi,Gebel_Barkal,Gebel_Barkal,1,ESB,11
Aizanoi,Aizanoi,Iasos,Iasos,1,ESB,11
Aizanoi,Aizanoi,Knossos,Knossos,2,ESB,11
Aizanoi,Aizanoi,Priene,Priene,2,ESB,11
Aizanoi,Aizanoi,Samos_(Heraion),Samos_(Heraion),1,ESB,11
Aizanoi,Aizanoi,Assos,Assos,1,ESB,11
Aizanoi,Aizanoi,Athens,Athens,1,ESB,11
Aizanoi,Aizanoi,Berenice,Berenice,1,ESB,11
Aizanoi,Aizanoi,Jerusalem,Jerusalem,1,ESB,11
Aizanoi,Aizanoi,Kenchreai,Kenchreai,1,ESB,11
Aizanoi,Aizanoi,Myos_Hormos,Myos_Hormos,1,ESB,11
Aizanoi,Aizanoi,Sumhuram,Sumhuram,1,ESB,11
Alexandreia,Alexandreia,Berenike,Berenike,1,ESB,11
Alexandreia,Alexandreia,Corinth,Corinth,2,ESB,11
Alexandreia,Alexandreia,Ephesos,Ephesos,4,ESB,11
Alexandreia,Alexandreia,Gebel_Barkal,Gebel_Barkal,1,ESB,11
Alexandreia,Alexandreia,Iasos,Iasos,1,ESB,11
Alexandreia,Alexandreia,Knossos,Knossos,3,ESB,11
Alexandreia,Alexandreia,Priene,Priene,1,ESB,11
Alexandreia,Alexandreia,Samos_(Heraion),Samos_(Heraion),1,ESB,11
Alexandreia,Alexandreia,Paphos,Paphos,1,ESB,11
Alexandreia,Alexandreia,Assos,Assos,2,ESB,11
Alexandreia,Alexandreia,Antiocheia_ad_Pisidiam,Antiocheia_ad_Pisidiam,1,ESB,11
Alexandreia,Alexandreia,Athens,Athens,1,ESB,11
Alexandreia,Alexandreia,Berenice,Berenice,1,ESB,11
Alexandreia,Alexandreia,Pylos,Pylos,1,ESB,11
Amorion,Amorion,Ephesos,Ephesos,1,ESB,11
Antiocheia_ad_Pisidiam,Antiocheia_ad_Pisidiam,Ephesos,Ephesos,2,ESB,11
Antiocheia_ad_Pisidiam,Antiocheia_ad_Pisidiam,Iasos,Iasos,1,ESB,11
Antiocheia_ad_Pisidiam,Antiocheia_ad_Pisidiam,Kenchreai,Kenchreai,1,ESB,11
Antiocheia_ad_Pisidiam,Antiocheia_ad_Pisidiam,Knossos,Knossos,2,ESB,11
Antiocheia_ad_Pisidiam,Antiocheia_ad_Pisidiam,Labraunda,Labraunda,1,ESB,11
Antiocheia_ad_Pisidiam,Antiocheia_ad_Pisidiam,Priene,Priene,1,ESB,11
Antiocheia_ad_Pisidiam,Antiocheia_ad_Pisidiam,Stobi,Stobi,1,ESB,11
Antiocheia_ad_Pisidiam,Antiocheia_ad_Pisidiam,Tarsos,Tarsos,1,ESB,11
Antiocheia_ad_Pisidiam,Antiocheia_ad_Pisidiam,Assos,Assos,1,ESB,11
Antiocheia_ad_Pisidiam,Antiocheia_ad_Pisidiam,Athens,Athens,1,ESB,11
Antiocheia_ad_Pisidiam,Antiocheia_ad_Pisidiam,Berenice,Berenice,1,ESB,11
Antiocheia_ad_Pisidiam,Antiocheia_ad_Pisidiam,Corinth,Corinth,1,ESB,11
Antiocheia_ad_Pisidiam,Antiocheia_ad_Pisidiam,Pylos,Pylos,1,ESB,11
Apollo_Smintheion,Apollo_Smintheion,Athens,Athens,1,ESB,11
Apollo_Smintheion,Apollo_Smintheion,Berenice,Berenice,1,ESB,11
Apollo_Smintheion,Apollo_Smintheion,Ephesos,Ephesos,1,ESB,11
Assos,Assos,Athens,Athens,3,ESB,11
Assos,Assos,Corinth,Corinth,2,ESB,11
Assos,Assos,Ed-Dur,Ed-Dur,1,ESB,11
Assos,Assos,Ephesos,Ephesos,4,ESB,11
Assos,Assos,Knossos,Knossos,3,ESB,11
Assos,Assos,Priene,Priene,1,ESB,11
Assos,Assos,Berenice,Berenice,1,ESB,11
Assos,Assos,Pylos,Pylos,1,ESB,11
Assos,Assos,Iasos,Iasos,1,ESB,11
Athens,Athens,Berenice,Berenice,3,ESB,11
Athens,Athens,Ephesos,Ephesos,8,ESB,11
Athens,Athens,Corinth,Corinth,5,ESB,11
Athens,Athens,Knossos,Knossos,6,ESB,11
Athens,Athens,Labraunda,Labraunda,2,ESB,11
Athens,Athens,Paphos,Paphos,1,ESB,11
Athens,Athens,Priene,Priene,5,ESB,11
Athens,Athens,Ed-Dur,Ed-Dur,1,ESB,11
Athens,Athens,Axum,Axum,1,ESB,11
Athens,Athens,Berenike,Berenike,1,ESB,11
Athens,Athens,Myos_Hormos,Myos_Hormos,2,ESB,11
Athens,Athens,Jerusalem,Jerusalem,1,ESB,11
Athens,Athens,Kenchreai,Kenchreai,1,ESB,11
Athens,Athens,Sumhuram,Sumhuram,1,ESB,11
Athens,Athens,Pylos,Pylos,1,ESB,11
Athens,Athens,Iasos,Iasos,1,ESB,11
Axum,Axum,Berenike,Berenike,1,ESB,11
Axum,Axum,Corinth,Corinth,1,ESB,11
Axum,Axum,Ephesos,Ephesos,1,ESB,11
Axum,Axum,Knossos,Knossos,1,ESB,11
Axum,Axum,Labraunda,Labraunda,1,ESB,11
Axum,Axum,Myos_Hormos,Myos_Hormos,1,ESB,11
Axum,Axum,Priene,Priene,1,ESB,11
Berenice,Berenice,Ephesos,Ephesos,3,ESB,11
Berenice,Berenice,Jerusalem,Jerusalem,1,ESB,11
Berenice,Berenice,Kenchreai,Kenchreai,1,ESB,11
Berenice,Berenice,Knossos,Knossos,2,ESB,11
Berenice,Berenice,Myos_Hormos,Myos_Hormos,1,ESB,11
Berenice,Berenice,Priene,Priene,1,ESB,11
Berenice,Berenice,Sumhuram,Sumhuram,1,ESB,11
Berenice,Berenice,Corinth,Corinth,1,ESB,11
Berenice,Berenice,Pylos,Pylos,1,ESB,11
Berenike,Berenike,Jerusalem,Jerusalem,1,ESB,11
Berenike,Berenike,Corinth,Corinth,2,ESB,11
Berenike,Berenike,Ephesos,Ephesos,2,ESB,11
Berenike,Berenike,Gebel_Barkal,Gebel_Barkal,1,ESB,11
Berenike,Berenike,Iasos,Iasos,1,ESB,11
Berenike,Berenike,Knossos,Knossos,2,ESB,11
Berenike,Berenike,Priene,Priene,2,ESB,11
Berenike,Berenike,Samos_(Heraion),Samos_(Heraion),1,ESB,11
Berenike,Berenike,Labraunda,Labraunda,1,ESB,11
Berenike,Berenike,Myos_Hormos,Myos_Hormos,1,ESB,11
Corinth,Corinth,Ephesos,Ephesos,10,ESB,11
Corinth,Corinth,Paphos,Paphos,3,ESB,11
Corinth,Corinth,Knossos,Knossos,6,ESB,11
Corinth,Corinth,Labraunda,Labraunda,3,ESB,11
Corinth,Corinth,Priene,Priene,5,ESB,11
Corinth,Corinth,Gebel_Barkal,Gebel_Barkal,1,ESB,11
Corinth,Corinth,Iasos,Iasos,1,ESB,11
Corinth,Corinth,Samos_(Heraion),Samos_(Heraion),1,ESB,11
Corinth,Corinth,Ed-Dur,Ed-Dur,1,ESB,11
Corinth,Corinth,Myos_Hormos,Myos_Hormos,1,ESB,11
Corinth,Corinth,Gortyn,Gortyn,1,ESB,11
Corinth,Corinth,Oboda,Oboda,1,ESB,11
Corinth,Corinth,Pylos,Pylos,1,ESB,11
Ed-Dur,Ed-Dur,Ephesos,Ephesos,1,ESB,11
Ed-Dur,Ed-Dur,Knossos,Knossos,1,ESB,11
Ed-Dur,Ed-Dur,Priene,Priene,1,ESB,11
Ephesos,Ephesos,Paphos,Paphos,4,ESB,11
Ephesos,Ephesos,Pergamon,Pergamon,1,ESB,11
Ephesos,Ephesos,Priene,Priene,8,ESB,11
Ephesos,Ephesos,Knossos,Knossos,10,ESB,11
Ephesos,Ephesos,Labraunda,Labraunda,4,ESB,11
Ephesos,Ephesos,Gebel_Barkal,Gebel_Barkal,1,ESB,11
Ephesos,Ephesos,Iasos,Iasos,3,ESB,11
Ephesos,Ephesos,Samos_(Heraion),Samos_(Heraion),1,ESB,11
Ephesos,Ephesos,Kenchreai,Kenchreai,2,ESB,11
Ephesos,Ephesos,Stobi,Stobi,1,ESB,11
Ephesos,Ephesos,Tarsos,Tarsos,1,ESB,11
Ephesos,Ephesos,Myos_Hormos,Myos_Hormos,2,ESB,11
Ephesos,Ephesos,Gortyn,Gortyn,1,ESB,11
Ephesos,Ephesos,Oboda,Oboda,1,ESB,11
Ephesos,Ephesos,Jerusalem,Jerusalem,1,ESB,11
Ephesos,Ephesos,Sumhuram,Sumhuram,1,ESB,11
Ephesos,Ephesos,Pylos,Pylos,1,ESB,11
Gebel_Barkal,Gebel_Barkal,Iasos,Iasos,1,ESB,11
Gebel_Barkal,Gebel_Barkal,Knossos,Knossos,1,ESB,11
Gebel_Barkal,Gebel_Barkal,Priene,Priene,1,ESB,11
Gebel_Barkal,Gebel_Barkal,Samos_(Heraion),Samos_(Heraion),1,ESB,11
Gortyn,Gortyn,Knossos,Knossos,1,ESB,11
Gortyn,Gortyn,Labraunda,Labraunda,1,ESB,11
Gortyn,Gortyn,Oboda,Oboda,1,ESB,11
Iasos,Iasos,Knossos,Knossos,3,ESB,11
Iasos,Iasos,Priene,Priene,2,ESB,11
Iasos,Iasos,Samos_(Heraion),Samos_(Heraion),1,ESB,11
Iasos,Iasos,Kenchreai,Kenchreai,1,ESB,11
Iasos,Iasos,Labraunda,Labraunda,1,ESB,11
Iasos,Iasos,Stobi,Stobi,1,ESB,11
Iasos,Iasos,Tarsos,Tarsos,1,ESB,11
Jerusalem,Jerusalem,Kenchreai,Kenchreai,1,ESB,11
Jerusalem,Jerusalem,Knossos,Knossos,1,ESB,11
Jerusalem,Jerusalem,Myos_Hormos,Myos_Hormos,1,ESB,11
Jerusalem,Jerusalem,Priene,Priene,1,ESB,11
Jerusalem,Jerusalem,Sumhuram,Sumhuram,1,ESB,11
Kenchreai,Kenchreai,Knossos,Knossos,2,ESB,11
Kenchreai,Kenchreai,Labraunda,Labraunda,1,ESB,11
Kenchreai,Kenchreai,Priene,Priene,2,ESB,11
Kenchreai,Kenchreai,Stobi,Stobi,1,ESB,11
Kenchreai,Kenchreai,Tarsos,Tarsos,1,ESB,11
Kenchreai,Kenchreai,Myos_Hormos,Myos_Hormos,1,ESB,11
Kenchreai,Kenchreai,Sumhuram,Sumhuram,1,ESB,11
Knossos,Knossos,Myos_Hormos,Myos_Hormos,3,ESB,11
Knossos,Knossos,Labraunda,Labraunda,4,ESB,11
Knossos,Knossos,Paphos,Paphos,2,ESB,11
Knossos,Knossos,Priene,Priene,6,ESB,11
Knossos,Knossos,Samos_(Heraion),Samos_(Heraion),1,ESB,11
Knossos,Knossos,Stobi,Stobi,1,ESB,11
Knossos,Knossos,Tarsos,Tarsos,1,ESB,11
Knossos,Knossos,Oboda,Oboda,1,ESB,11
Knossos,Knossos,Sumhuram,Sumhuram,1,ESB,11
Knossos,Knossos,Pylos,Pylos,1,ESB,11
Labraunda,Labraunda,Paphos,Paphos,1,ESB,11
Labraunda,Labraunda,Priene,Priene,3,ESB,11
Labraunda,Labraunda,Stobi,Stobi,1,ESB,11
Labraunda,Labraunda,Tarsos,Tarsos,1,ESB,11
Labraunda,Labraunda,Myos_Hormos,Myos_Hormos,1,ESB,11
Labraunda,Labraunda,Oboda,Oboda,1,ESB,11
Myos_Hormos,Myos_Hormos,Priene,Priene,2,ESB,11
Myos_Hormos,Myos_Hormos,Sumhuram,Sumhuram,1,ESB,11
Paphos,Paphos,Priene,Priene,1,ESB,11
Pergamon,Pergamon,Priene,Priene,1,ESB,11
Priene,Priene,Samos_(Heraion),Samos_(Heraion),1,ESB,11
Priene,Priene,Stobi,Stobi,1,ESB,11
Priene,Priene,Tarsos,Tarsos,1,ESB,11
Priene,Priene,Sumhuram,Sumhuram,1,ESB,11
Stobi,Stobi,Tarsos,Tarsos,1,ESB,11
Abdera,Abdera,Altinum,Altinum,2,ESB,12
Abdera,Abdera,Amathous,Amathous,1,ESB,12
Abdera,Abdera,Amygdalea,Amygdalea,1,ESB,12
Abdera,Abdera,Anemorion,Anemorion,1,ESB,12
Abdera,Abdera,Antiocheia_ad_Orontem,Antiocheia_ad_Orontem,1,ESB,12
Abdera,Abdera,Apollo_Smintheion,Apollo_Smintheion,2,ESB,12
Abdera,Abdera,Argos,Argos,1,ESB,12
Abdera,Abdera,Assos,Assos,2,ESB,12
Abdera,Abdera,Athens,Athens,3,ESB,12
Abdera,Abdera,Ayios_Philon,Ayios_Philon,1,ESB,12
Abdera,Abdera,Berenice,Berenice,2,ESB,12
Abdera,Abdera,Corinth,Corinth,2,ESB,12
Abdera,Abdera,Emporio,Emporio,1,ESB,12
Abdera,Abdera,Ephesos,Ephesos,2,ESB,12
Abdera,Abdera,Eretria,Eretria,2,ESB,12
Abdera,Abdera,Gortyn,Gortyn,2,ESB,12
Abdera,Abdera,Isthmia,Isthmia,1,ESB,12
Abdera,Abdera,Kastro_Tigani,Kastro_Tigani,1,ESB,12
Abdera,Abdera,Knossos,Knossos,3,ESB,12
Abdera,Abdera,Kourion,Kourion,1,ESB,12
Abdera,Abdera,Kythera,Kythera,1,ESB,12
Abdera,Abdera,Labraunda,Labraunda,2,ESB,12
Abdera,Abdera,Nikopolis,Nikopolis,1,ESB,12
Abdera,Abdera,Paphos,Paphos,2,ESB,12
Abdera,Abdera,Petra,Petra,1,ESB,12
Abdera,Abdera,Samos_(Heraion),Samos_(Heraion),2,ESB,12
Abdera,Abdera,Siphnos,Siphnos,2,ESB,12
Abdera,Abdera,Sparta,Sparta,1,ESB,12
Abdera,Abdera,Stobi,Stobi,2,ESB,12
Abdera,Abdera,Tanagra,Tanagra,1,ESB,12
Abdera,Abdera,Troia/Ilion,Troia/Ilion,1,ESB,12
Abdera,Abdera,Amphipolis,Amphipolis,1,ESB,12
Abdera,Abdera,Antiocheia_ad_Pisidiam,Antiocheia_ad_Pisidiam,1,ESB,12
Abdera,Abdera,Berenike,Berenike,1,ESB,12
Abdera,Abdera,Kenchreai,Kenchreai,1,ESB,12
Abdera,Abdera,Kommos,Kommos,1,ESB,12
Abdera,Abdera,Olympia,Olympia,1,ESB,12
Abdera,Abdera,Tarsos,Tarsos,1,ESB,12
Abdera,Abdera,Tenos,Tenos,1,ESB,12
Abdera,Abdera,Thasos,Thasos,1,ESB,12
Abdera,Abdera,MS010,MS010,1,ESB,12
Aizanoi,Aizanoi,Corinth,Corinth,2,ESB,12
Aizanoi,Aizanoi,Ephesos,Ephesos,3,ESB,12
Aizanoi,Aizanoi,Paphos,Paphos,2,ESB,12
Aizanoi,Aizanoi,Alexandreia,Alexandreia,1,ESB,12
Aizanoi,Aizanoi,Assos,Assos,2,ESB,12
Aizanoi,Aizanoi,Altinum,Altinum,1,ESB,12
Aizanoi,Aizanoi,Amorion,Amorion,1,ESB,12
Aizanoi,Aizanoi,Antiocheia_ad_Pisidiam,Antiocheia_ad_Pisidiam,1,ESB,12
Aizanoi,Aizanoi,Apollo_Smintheion,Apollo_Smintheion,1,ESB,12
Aizanoi,Aizanoi,Athens,Athens,1,ESB,12
Aizanoi,Aizanoi,Didyma,Didyma,1,ESB,12
Aizanoi,Aizanoi,Gortyn,Gortyn,1,ESB,12
Aizanoi,Aizanoi,Isthmia,Isthmia,1,ESB,12
Aizanoi,Aizanoi,Kastro_Tigani,Kastro_Tigani,1,ESB,12
Aizanoi,Aizanoi,Kenchreai,Kenchreai,1,ESB,12
Aizanoi,Aizanoi,Knossos,Knossos,1,ESB,12
Aizanoi,Aizanoi,Kourion,Kourion,1,ESB,12
Aizanoi,Aizanoi,Labraunda,Labraunda,1,ESB,12
Aizanoi,Aizanoi,Samos_(Heraion),Samos_(Heraion),1,ESB,12
Aizanoi,Aizanoi,Stobi,Stobi,1,ESB,12
Aizanoi,Aizanoi,Tenos,Tenos,1,ESB,12
Aizanoi,Aizanoi,Troia/Ilion,Troia/Ilion,1,ESB,12
Alexandreia,Alexandreia,Ephesos,Ephesos,3,ESB,12
Alexandreia,Alexandreia,Knossos,Knossos,2,ESB,12
Alexandreia,Alexandreia,Paphos,Paphos,1,ESB,12
Alexandreia,Alexandreia,Assos,Assos,2,ESB,12
Alexandreia,Alexandreia,Antiocheia_ad_Pisidiam,Antiocheia_ad_Pisidiam,1,ESB,12
Alexandreia,Alexandreia,Athens,Athens,1,ESB,12
Alexandreia,Alexandreia,Berenice,Berenice,1,ESB,12
Alexandreia,Alexandreia,Corinth,Corinth,1,ESB,12
Alexandreia,Alexandreia,Pylos,Pylos,1,ESB,12
Altinum,Altinum,Amorion,Amorion,2,ESB,12
Altinum,Altinum,Antiocheia_ad_Pisidiam,Antiocheia_ad_Pisidiam,2,ESB,12
Altinum,Altinum,Apollo_Smintheion,Apollo_Smintheion,2,ESB,12
Altinum,Altinum,Assos,Assos,3,ESB,12
Altinum,Altinum,Athens,Athens,5,ESB,12
Altinum,Altinum,Corinth,Corinth,5,ESB,12
Altinum,Altinum,Didyma,Didyma,1,ESB,12
Altinum,Altinum,Ephesos,Ephesos,5,ESB,12
Altinum,Altinum,Gortyn,Gortyn,3,ESB,12
Altinum,Altinum,Isthmia,Isthmia,2,ESB,12
Altinum,Altinum,Kastro_Tigani,Kastro_Tigani,2,ESB,12
Altinum,Altinum,Kenchreai,Kenchreai,2,ESB,12
Altinum,Altinum,Knossos,Knossos,4,ESB,12
Altinum,Altinum,Kourion,Kourion,2,ESB,12
Altinum,Altinum,Labraunda,Labraunda,3,ESB,12
Altinum,Altinum,Paphos,Paphos,4,ESB,12
Altinum,Altinum,Samos_(Heraion),Samos_(Heraion),3,ESB,12
Altinum,Altinum,Stobi,Stobi,4,ESB,12
Altinum,Altinum,Tenos,Tenos,2,ESB,12
Altinum,Altinum,Troia/Ilion,Troia/Ilion,3,ESB,12
Altinum,Altinum,Amathous,Amathous,1,ESB,12
Altinum,Altinum,Amygdalea,Amygdalea,1,ESB,12
Altinum,Altinum,Anemorion,Anemorion,2,ESB,12
Altinum,Altinum,Antiocheia_ad_Orontem,Antiocheia_ad_Orontem,1,ESB,12
Altinum,Altinum,Argos,Argos,2,ESB,12
Altinum,Altinum,Ayios_Philon,Ayios_Philon,1,ESB,12
Altinum,Altinum,Berenice,Berenice,3,ESB,12
Altinum,Altinum,Emporio,Emporio,1,ESB,12
Altinum,Altinum,Eretria,Eretria,2,ESB,12
Altinum,Altinum,Kythera,Kythera,1,ESB,12
Altinum,Altinum,Nikopolis,Nikopolis,1,ESB,12
Altinum,Altinum,Petra,Petra,1,ESB,12
Altinum,Altinum,Siphnos,Siphnos,2,ESB,12
Altinum,Altinum,Sparta,Sparta,1,ESB,12
Altinum,Altinum,Tanagra,Tanagra,1,ESB,12
Altinum,Altinum,Scythopolis,Scythopolis,1,ESB,12
Altinum,Altinum,Amphipolis,Amphipolis,1,ESB,12
Altinum,Altinum,Berenike,Berenike,1,ESB,12
Altinum,Altinum,Kommos,Kommos,1,ESB,12
Altinum,Altinum,Olympia,Olympia,1,ESB,12
Altinum,Altinum,Tarsos,Tarsos,2,ESB,12
Altinum,Altinum,Thasos,Thasos,1,ESB,12
Altinum,Altinum,Iasos,Iasos,1,ESB,12
Altinum,Altinum,Sumhuram,Sumhuram,1,ESB,12
Altinum,Altinum,Tel_Anafa,Tel_Anafa,1,ESB,12
Amathous,Amathous,Amygdalea,Amygdalea,1,ESB,12
Amathous,Amathous,Anemorion,Anemorion,1,ESB,12
Amathous,Amathous,Antiocheia_ad_Orontem,Antiocheia_ad_Orontem,1,ESB,12
Amathous,Amathous,Apollo_Smintheion,Apollo_Smintheion,1,ESB,12
Amathous,Amathous,Argos,Argos,1,ESB,12
Amathous,Amathous,Assos,Assos,1,ESB,12
Amathous,Amathous,Athens,Athens,1,ESB,12
Amathous,Amathous,Ayios_Philon,Ayios_Philon,1,ESB,12
Amathous,Amathous,Berenice,Berenice,1,ESB,12
Amathous,Amathous,Corinth,Corinth,1,ESB,12
Amathous,Amathous,Emporio,Emporio,1,ESB,12
Amathous,Amathous,Ephesos,Ephesos,1,ESB,12
Amathous,Amathous,Eretria,Eretria,1,ESB,12
Amathous,Amathous,Gortyn,Gortyn,1,ESB,12
Amathous,Amathous,Isthmia,Isthmia,1,ESB,12
Amathous,Amathous,Kastro_Tigani,Kastro_Tigani,1,ESB,12
Amathous,Amathous,Knossos,Knossos,1,ESB,12
Amathous,Amathous,Kourion,Kourion,1,ESB,12
Amathous,Amathous,Kythera,Kythera,1,ESB,12
Amathous,Amathous,Labraunda,Labraunda,1,ESB,12
Amathous,Amathous,Nikopolis,Nikopolis,1,ESB,12
Amathous,Amathous,Paphos,Paphos,1,ESB,12
Amathous,Amathous,Petra,Petra,1,ESB,12
Amathous,Amathous,Samos_(Heraion),Samos_(Heraion),1,ESB,12
Amathous,Amathous,Siphnos,Siphnos,1,ESB,12
Amathous,Amathous,Sparta,Sparta,1,ESB,12
Amathous,Amathous,Stobi,Stobi,1,ESB,12
Amathous,Amathous,Tanagra,Tanagra,1,ESB,12
Amathous,Amathous,Troia/Ilion,Troia/Ilion,1,ESB,12
Amorion,Amorion,Antiocheia_ad_Pisidiam,Antiocheia_ad_Pisidiam,1,ESB,12
Amorion,Amorion,Apollo_Smintheion,Apollo_Smintheion,1,ESB,12
Amorion,Amorion,Assos,Assos,1,ESB,12
Amorion,Amorion,Athens,Athens,2,ESB,12
Amorion,Amorion,Corinth,Corinth,2,ESB,12
Amorion,Amorion,Didyma,Didyma,1,ESB,12
Amorion,Amorion,Ephesos,Ephesos,2,ESB,12
Amorion,Amorion,Gortyn,Gortyn,1,ESB,12
Amorion,Amorion,Isthmia,Isthmia,1,ESB,12
Amorion,Amorion,Kastro_Tigani,Kastro_Tigani,1,ESB,12
Amorion,Amorion,Kenchreai,Kenchreai,1,ESB,12
Amorion,Amorion,Knossos,Knossos,1,ESB,12
Amorion,Amorion,Kourion,Kourion,1,ESB,12
Amorion,Amorion,Labraunda,Labraunda,1,ESB,12
Amorion,Amorion,Paphos,Paphos,2,ESB,12
Amorion,Amorion,Samos_(Heraion),Samos_(Heraion),1,ESB,12
Amorion,Amorion,Stobi,Stobi,2,ESB,12
Amorion,Amorion,Tenos,Tenos,1,ESB,12
Amorion,Amorion,Troia/Ilion,Troia/Ilion,1,ESB,12
Amorion,Amorion,Argos,Argos,1,ESB,12
Amorion,Amorion,Berenice,Berenice,1,ESB,12
Amorion,Amorion,Iasos,Iasos,1,ESB,12
Amorion,Amorion,Sumhuram,Sumhuram,1,ESB,12
Amorion,Amorion,Tarsos,Tarsos,1,ESB,12
Amorion,Amorion,Tel_Anafa,Tel_Anafa,1,ESB,12
Amphipolis,Amphipolis,Antiocheia_ad_Pisidiam,Antiocheia_ad_Pisidiam,1,ESB,12
Amphipolis,Amphipolis,Assos,Assos,1,ESB,12
Amphipolis,Amphipolis,Athens,Athens,1,ESB,12
Amphipolis,Amphipolis,Berenice,Berenice,1,ESB,12
Amphipolis,Amphipolis,Berenike,Berenike,1,ESB,12
Amphipolis,Amphipolis,Corinth,Corinth,1,ESB,12
Amphipolis,Amphipolis,Ephesos,Ephesos,1,ESB,12
Amphipolis,Amphipolis,Eretria,Eretria,1,ESB,12
Amphipolis,Amphipolis,Gortyn,Gortyn,1,ESB,12
Amphipolis,Amphipolis,Kenchreai,Kenchreai,1,ESB,12
Amphipolis,Amphipolis,Knossos,Knossos,1,ESB,12
Amphipolis,Amphipolis,Kommos,Kommos,1,ESB,12
Amphipolis,Amphipolis,Labraunda,Labraunda,1,ESB,12
Amphipolis,Amphipolis,Olympia,Olympia,1,ESB,12
Amphipolis,Amphipolis,Paphos,Paphos,1,ESB,12
Amphipolis,Amphipolis,Samos_(Heraion),Samos_(Heraion),1,ESB,12
Amphipolis,Amphipolis,Siphnos,Siphnos,1,ESB,12
Amphipolis,Amphipolis,Stobi,Stobi,1,ESB,12
Amphipolis,Amphipolis,Tarsos,Tarsos,1,ESB,12
Amphipolis,Amphipolis,Tenos,Tenos,1,ESB,12
Amphipolis,Amphipolis,Thasos,Thasos,1,ESB,12
Amygdalea,Amygdalea,Anemorion,Anemorion,1,ESB,12
Amygdalea,Amygdalea,Antiocheia_ad_Orontem,Antiocheia_ad_Orontem,1,ESB,12
Amygdalea,Amygdalea,Apollo_Smintheion,Apollo_Smintheion,1,ESB,12
Amygdalea,Amygdalea,Argos,Argos,1,ESB,12
Amygdalea,Amygdalea,Assos,Assos,1,ESB,12
Amygdalea,Amygdalea,Athens,Athens,1,ESB,12
Amygdalea,Amygdalea,Ayios_Philon,Ayios_Philon,1,ESB,12
Amygdalea,Amygdalea,Berenice,Berenice,1,ESB,12
Amygdalea,Amygdalea,Corinth,Corinth,1,ESB,12
Amygdalea,Amygdalea,Emporio,Emporio,1,ESB,12
Amygdalea,Amygdalea,Ephesos,Ephesos,1,ESB,12
Amygdalea,Amygdalea,Eretria,Eretria,1,ESB,12
Amygdalea,Amygdalea,Gortyn,Gortyn,1,ESB,12
Amygdalea,Amygdalea,Isthmia,Isthmia,1,ESB,12
Amygdalea,Amygdalea,Kastro_Tigani,Kastro_Tigani,1,ESB,12
Amygdalea,Amygdalea,Knossos,Knossos,1,ESB,12
Amygdalea,Amygdalea,Kourion,Kourion,1,ESB,12
Amygdalea,Amygdalea,Kythera,Kythera,1,ESB,12
Amygdalea,Amygdalea,Labraunda,Labraunda,1,ESB,12
Amygdalea,Amygdalea,Nikopolis,Nikopolis,1,ESB,12
Amygdalea,Amygdalea,Paphos,Paphos,1,ESB,12
Amygdalea,Amygdalea,Petra,Petra,1,ESB,12
Amygdalea,Amygdalea,Samos_(Heraion),Samos_(Heraion),1,ESB,12
Amygdalea,Amygdalea,Siphnos,Siphnos,1,ESB,12
Amygdalea,Amygdalea,Sparta,Sparta,1,ESB,12
Amygdalea,Amygdalea,Stobi,Stobi,1,ESB,12
Amygdalea,Amygdalea,Tanagra,Tanagra,1,ESB,12
Amygdalea,Amygdalea,Troia/Ilion,Troia/Ilion,1,ESB,12
Anemorion,Anemorion,Antiocheia_ad_Orontem,Antiocheia_ad_Orontem,1,ESB,12
Anemorion,Anemorion,Apollo_Smintheion,Apollo_Smintheion,1,ESB,12
Anemorion,Anemorion,Argos,Argos,1,ESB,12
Anemorion,Anemorion,Assos,Assos,1,ESB,12
Anemorion,Anemorion,Athens,Athens,2,ESB,12
Anemorion,Anemorion,Ayios_Philon,Ayios_Philon,1,ESB,12
Anemorion,Anemorion,Berenice,Berenice,1,ESB,12
Anemorion,Anemorion,Corinth,Corinth,2,ESB,12
Anemorion,Anemorion,Emporio,Emporio,1,ESB,12
Anemorion,Anemorion,Ephesos,Ephesos,2,ESB,12
Anemorion,Anemorion,Eretria,Eretria,1,ESB,12
Anemorion,Anemorion,Gortyn,Gortyn,1,ESB,12
Anemorion,Anemorion,Isthmia,Isthmia,1,ESB,12
Anemorion,Anemorion,Kastro_Tigani,Kastro_Tigani,1,ESB,12
Anemorion,Anemorion,Knossos,Knossos,2,ESB,12
Anemorion,Anemorion,Kourion,Kourion,1,ESB,12
Anemorion,Anemorion,Kythera,Kythera,1,ESB,12
Anemorion,Anemorion,Labraunda,Labraunda,1,ESB,12
Anemorion,Anemorion,Nikopolis,Nikopolis,1,ESB,12
Anemorion,Anemorion,Paphos,Paphos,1,ESB,12
Anemorion,Anemorion,Petra,Petra,1,ESB,12
Anemorion,Anemorion,Samos_(Heraion),Samos_(Heraion),1,ESB,12
Anemorion,Anemorion,Siphnos,Siphnos,1,ESB,12
Anemorion,Anemorion,Sparta,Sparta,1,ESB,12
Anemorion,Anemorion,Stobi,Stobi,1,ESB,12
Anemorion,Anemorion,Tanagra,Tanagra,1,ESB,12
Anemorion,Anemorion,Troia/Ilion,Troia/Ilion,2,ESB,12
Anemorion,Anemorion,Scythopolis,Scythopolis,1,ESB,12
Antiocheia_ad_Orontem,Antiocheia_ad_Orontem,Apollo_Smintheion,Apollo_Smintheion,1,ESB,12
Antiocheia_ad_Orontem,Antiocheia_ad_Orontem,Argos,Argos,1,ESB,12
Antiocheia_ad_Orontem,Antiocheia_ad_Orontem,Assos,Assos,1,ESB,12
Antiocheia_ad_Orontem,Antiocheia_ad_Orontem,Athens,Athens,1,ESB,12
Antiocheia_ad_Orontem,Antiocheia_ad_Orontem,Ayios_Philon,Ayios_Philon,1,ESB,12
Antiocheia_ad_Orontem,Antiocheia_ad_Orontem,Berenice,Berenice,1,ESB,12
Antiocheia_ad_Orontem,Antiocheia_ad_Orontem,Corinth,Corinth,1,ESB,12
Antiocheia_ad_Orontem,Antiocheia_ad_Orontem,Emporio,Emporio,1,ESB,12
Antiocheia_ad_Orontem,Antiocheia_ad_Orontem,Ephesos,Ephesos,1,ESB,12
Antiocheia_ad_Orontem,Antiocheia_ad_Orontem,Eretria,Eretria,1,ESB,12
Antiocheia_ad_Orontem,Antiocheia_ad_Orontem,Gortyn,Gortyn,1,ESB,12
Antiocheia_ad_Orontem,Antiocheia_ad_Orontem,Isthmia,Isthmia,1,ESB,12
Antiocheia_ad_Orontem,Antiocheia_ad_Orontem,Kastro_Tigani,Kastro_Tigani,1,ESB,12
Antiocheia_ad_Orontem,Antiocheia_ad_Orontem,Knossos,Knossos,1,ESB,12
Antiocheia_ad_Orontem,Antiocheia_ad_Orontem,Kourion,Kourion,1,ESB,12
Antiocheia_ad_Orontem,Antiocheia_ad_Orontem,Kythera,Kythera,1,ESB,12
Antiocheia_ad_Orontem,Antiocheia_ad_Orontem,Labraunda,Labraunda,1,ESB,12
Antiocheia_ad_Orontem,Antiocheia_ad_Orontem,Nikopolis,Nikopolis,1,ESB,12
Antiocheia_ad_Orontem,Antiocheia_ad_Orontem,Paphos,Paphos,1,ESB,12
Antiocheia_ad_Orontem,Antiocheia_ad_Orontem,Petra,Petra,1,ESB,12
Antiocheia_ad_Orontem,Antiocheia_ad_Orontem,Samos_(Heraion),Samos_(Heraion),1,ESB,12
Antiocheia_ad_Orontem,Antiocheia_ad_Orontem,Siphnos,Siphnos,1,ESB,12
Antiocheia_ad_Orontem,Antiocheia_ad_Orontem,Sparta,Sparta,1,ESB,12
Antiocheia_ad_Orontem,Antiocheia_ad_Orontem,Stobi,Stobi,1,ESB,12
Antiocheia_ad_Orontem,Antiocheia_ad_Orontem,Tanagra,Tanagra,1,ESB,12
Antiocheia_ad_Orontem,Antiocheia_ad_Orontem,Troia/Ilion,Troia/Ilion,1,ESB,12
Antiocheia_ad_Pisidiam,Antiocheia_ad_Pisidiam,Ephesos,Ephesos,4,ESB,12
Antiocheia_ad_Pisidiam,Antiocheia_ad_Pisidiam,Iasos,Iasos,1,ESB,12
Antiocheia_ad_Pisidiam,Antiocheia_ad_Pisidiam,Kenchreai,Kenchreai,3,ESB,12
Antiocheia_ad_Pisidiam,Antiocheia_ad_Pisidiam,Knossos,Knossos,4,ESB,12
Antiocheia_ad_Pisidiam,Antiocheia_ad_Pisidiam,Labraunda,Labraunda,3,ESB,12
Antiocheia_ad_Pisidiam,Antiocheia_ad_Pisidiam,Priene,Priene,1,ESB,12
Antiocheia_ad_Pisidiam,Antiocheia_ad_Pisidiam,Stobi,Stobi,3,ESB,12
Antiocheia_ad_Pisidiam,Antiocheia_ad_Pisidiam,Tarsos,Tarsos,2,ESB,12
Antiocheia_ad_Pisidiam,Antiocheia_ad_Pisidiam,Apollo_Smintheion,Apollo_Smintheion,1,ESB,12
Antiocheia_ad_Pisidiam,Antiocheia_ad_Pisidiam,Assos,Assos,3,ESB,12
Antiocheia_ad_Pisidiam,Antiocheia_ad_Pisidiam,Athens,Athens,3,ESB,12
Antiocheia_ad_Pisidiam,Antiocheia_ad_Pisidiam,Corinth,Corinth,3,ESB,12
Antiocheia_ad_Pisidiam,Antiocheia_ad_Pisidiam,Didyma,Didyma,1,ESB,12
Antiocheia_ad_Pisidiam,Antiocheia_ad_Pisidiam,Gortyn,Gortyn,2,ESB,12
Antiocheia_ad_Pisidiam,Antiocheia_ad_Pisidiam,Isthmia,Isthmia,1,ESB,12
Antiocheia_ad_Pisidiam,Antiocheia_ad_Pisidiam,Kastro_Tigani,Kastro_Tigani,1,ESB,12
Antiocheia_ad_Pisidiam,Antiocheia_ad_Pisidiam,Kourion,Kourion,1,ESB,12
Antiocheia_ad_Pisidiam,Antiocheia_ad_Pisidiam,Paphos,Paphos,2,ESB,12
Antiocheia_ad_Pisidiam,Antiocheia_ad_Pisidiam,Samos_(Heraion),Samos_(Heraion),2,ESB,12
Antiocheia_ad_Pisidiam,Antiocheia_ad_Pisidiam,Tenos,Tenos,2,ESB,12
Antiocheia_ad_Pisidiam,Antiocheia_ad_Pisidiam,Troia/Ilion,Troia/Ilion,1,ESB,12
Antiocheia_ad_Pisidiam,Antiocheia_ad_Pisidiam,Berenice,Berenice,2,ESB,12
Antiocheia_ad_Pisidiam,Antiocheia_ad_Pisidiam,Berenike,Berenike,1,ESB,12
Antiocheia_ad_Pisidiam,Antiocheia_ad_Pisidiam,Eretria,Eretria,1,ESB,12
Antiocheia_ad_Pisidiam,Antiocheia_ad_Pisidiam,Kommos,Kommos,1,ESB,12
Antiocheia_ad_Pisidiam,Antiocheia_ad_Pisidiam,Olympia,Olympia,1,ESB,12
Antiocheia_ad_Pisidiam,Antiocheia_ad_Pisidiam,Siphnos,Siphnos,1,ESB,12
Antiocheia_ad_Pisidiam,Antiocheia_ad_Pisidiam,Thasos,Thasos,1,ESB,12
Antiocheia_ad_Pisidiam,Antiocheia_ad_Pisidiam,Pylos,Pylos,1,ESB,12
Apollo_Smintheion,Apollo_Smintheion,Assos,Assos,2,ESB,12
Apollo_Smintheion,Apollo_Smintheion,Athens,Athens,3,ESB,12
Apollo_Smintheion,Apollo_Smintheion,Corinth,Corinth,2,ESB,12
Apollo_Smintheion,Apollo_Smintheion,Didyma,Didyma,1,ESB,12
Apollo_Smintheion,Apollo_Smintheion,Ephesos,Ephesos,2,ESB,12
Apollo_Smintheion,Apollo_Smintheion,Gortyn,Gortyn,2,ESB,12
Apollo_Smintheion,Apollo_Smintheion,Isthmia,Isthmia,2,ESB,12
Apollo_Smintheion,Apollo_Smintheion,Kastro_Tigani,Kastro_Tigani,2,ESB,12
Apollo_Smintheion,Apollo_Smintheion,Kenchreai,Kenchreai,1,ESB,12
Apollo_Smintheion,Apollo_Smintheion,Knossos,Knossos,3,ESB,12
Apollo_Smintheion,Apollo_Smintheion,Kourion,Kourion,2,ESB,12
Apollo_Smintheion,Apollo_Smintheion,Labraunda,Labraunda,2,ESB,12
Apollo_Smintheion,Apollo_Smintheion,Paphos,Paphos,2,ESB,12
Apollo_Smintheion,Apollo_Smintheion,Samos_(Heraion),Samos_(Heraion),2,ESB,12
Apollo_Smintheion,Apollo_Smintheion,Stobi,Stobi,2,ESB,12
Apollo_Smintheion,Apollo_Smintheion,Tenos,Tenos,1,ESB,12
Apollo_Smintheion,Apollo_Smintheion,Troia/Ilion,Troia/Ilion,2,ESB,12
Apollo_Smintheion,Apollo_Smintheion,Argos,Argos,1,ESB,12
Apollo_Smintheion,Apollo_Smintheion,Ayios_Philon,Ayios_Philon,1,ESB,12
Apollo_Smintheion,Apollo_Smintheion,Berenice,Berenice,1,ESB,12
Apollo_Smintheion,Apollo_Smintheion,Emporio,Emporio,1,ESB,12
Apollo_Smintheion,Apollo_Smintheion,Eretria,Eretria,1,ESB,12
Apollo_Smintheion,Apollo_Smintheion,Kythera,Kythera,1,ESB,12
Apollo_Smintheion,Apollo_Smintheion,Nikopolis,Nikopolis,1,ESB,12
Apollo_Smintheion,Apollo_Smintheion,Petra,Petra,1,ESB,12
Apollo_Smintheion,Apollo_Smintheion,Siphnos,Siphnos,1,ESB,12
Apollo_Smintheion,Apollo_Smintheion,Sparta,Sparta,1,ESB,12
Apollo_Smintheion,Apollo_Smintheion,Tanagra,Tanagra,1,ESB,12
Apollo_Smintheion,Apollo_Smintheion,MS010,MS010,1,ESB,12
Argos,Argos,Assos,Assos,1,ESB,12
Argos,Argos,Athens,Athens,2,ESB,12
Argos,Argos,Ayios_Philon,Ayios_Philon,1,ESB,12
Argos,Argos,Berenice,Berenice,2,ESB,12
Argos,Argos,Corinth,Corinth,2,ESB,12
Argos,Argos,Emporio,Emporio,1,ESB,12
Argos,Argos,Ephesos,Ephesos,2,ESB,12
Argos,Argos,Eretria,Eretria,1,ESB,12
Argos,Argos,Gortyn,Gortyn,1,ESB,12
Argos,Argos,Isthmia,Isthmia,1,ESB,12
Argos,Argos,Kastro_Tigani,Kastro_Tigani,1,ESB,12
Argos,Argos,Knossos,Knossos,1,ESB,12
Argos,Argos,Kourion,Kourion,1,ESB,12
Argos,Argos,Kythera,Kythera,1,ESB,12
Argos,Argos,Labraunda,Labraunda,1,ESB,12
Argos,Argos,Nikopolis,Nikopolis,1,ESB,12
Argos,Argos,Paphos,Paphos,2,ESB,12
Argos,Argos,Petra,Petra,1,ESB,12
Argos,Argos,Samos_(Heraion),Samos_(Heraion),1,ESB,12
Argos,Argos,Siphnos,Siphnos,1,ESB,12
Argos,Argos,Sparta,Sparta,1,ESB,12
Argos,Argos,Stobi,Stobi,2,ESB,12
Argos,Argos,Tanagra,Tanagra,1,ESB,12
Argos,Argos,Troia/Ilion,Troia/Ilion,1,ESB,12
Argos,Argos,Iasos,Iasos,1,ESB,12
Argos,Argos,Sumhuram,Sumhuram,1,ESB,12
Argos,Argos,Tarsos,Tarsos,1,ESB,12
Argos,Argos,Tel_Anafa,Tel_Anafa,1,ESB,12
Assos,Assos,Athens,Athens,5,ESB,12
Assos,Assos,Corinth,Corinth,5,ESB,12
Assos,Assos,Ed-Dur,Ed-Dur,1,ESB,12
Assos,Assos,Ephesos,Ephesos,6,ESB,12
Assos,Assos,Knossos,Knossos,5,ESB,12
Assos,Assos,Priene,Priene,1,ESB,12
Assos,Assos,Didyma,Didyma,1,ESB,12
Assos,Assos,Gortyn,Gortyn,3,ESB,12
Assos,Assos,Isthmia,Isthmia,2,ESB,12
Assos,Assos,Kastro_Tigani,Kastro_Tigani,2,ESB,12
Assos,Assos,Kenchreai,Kenchreai,2,ESB,12
Assos,Assos,Kourion,Kourion,2,ESB,12
Assos,Assos,Labraunda,Labraunda,3,ESB,12
Assos,Assos,Paphos,Paphos,3,ESB,12
Assos,Assos,Samos_(Heraion),Samos_(Heraion),3,ESB,12
Assos,Assos,Stobi,Stobi,3,ESB,12
Assos,Assos,Tenos,Tenos,2,ESB,12
Assos,Assos,Troia/Ilion,Troia/Ilion,2,ESB,12
Assos,Assos,Ayios_Philon,Ayios_Philon,1,ESB,12
Assos,Assos,Berenice,Berenice,3,ESB,12
Assos,Assos,Emporio,Emporio,1,ESB,12
Assos,Assos,Eretria,Eretria,2,ESB,12
Assos,Assos,Kythera,Kythera,1,ESB,12
Assos,Assos,Nikopolis,Nikopolis,1,ESB,12
Assos,Assos,Petra,Petra,1,ESB,12
Assos,Assos,Siphnos,Siphnos,2,ESB,12
Assos,Assos,Sparta,Sparta,1,ESB,12
Assos,Assos,Tanagra,Tanagra,1,ESB,12
Assos,Assos,Berenike,Berenike,1,ESB,12
Assos,Assos,Kommos,Kommos,1,ESB,12
Assos,Assos,Olympia,Olympia,1,ESB,12
Assos,Assos,Tarsos,Tarsos,1,ESB,12
Assos,Assos,Thasos,Thasos,1,ESB,12
Assos,Assos,Pylos,Pylos,1,ESB,12
Athens,Athens,Corinth,Corinth,11,ESB,12
Athens,Athens,Ephesos,Ephesos,10,ESB,12
Athens,Athens,Knossos,Knossos,9,ESB,12
Athens,Athens,Labraunda,Labraunda,4,ESB,12
Athens,Athens,Paphos,Paphos,5,ESB,12
Athens,Athens,Priene,Priene,3,ESB,12
Athens,Athens,Ed-Dur,Ed-Dur,1,ESB,12
Athens,Athens,Didyma,Didyma,1,ESB,12
Athens,Athens,Gortyn,Gortyn,3,ESB,12
Athens,Athens,Isthmia,Isthmia,2,ESB,12
Athens,Athens,Kastro_Tigani,Kastro_Tigani,2,ESB,12
Athens,Athens,Kenchreai,Kenchreai,2,ESB,12
Athens,Athens,Kourion,Kourion,2,ESB,12
Athens,Athens,Samos_(Heraion),Samos_(Heraion),3,ESB,12
Athens,Athens,Stobi,Stobi,4,ESB,12
Athens,Athens,Tenos,Tenos,2,ESB,12
Athens,Athens,Troia/Ilion,Troia/Ilion,3,ESB,12
Athens,Athens,Ayios_Philon,Ayios_Philon,1,ESB,12
Athens,Athens,Berenice,Berenice,5,ESB,12
Athens,Athens,Emporio,Emporio,1,ESB,12
Athens,Athens,Eretria,Eretria,2,ESB,12
Athens,Athens,Kythera,Kythera,1,ESB,12
Athens,Athens,Nikopolis,Nikopolis,1,ESB,12
Athens,Athens,Petra,Petra,1,ESB,12
Athens,Athens,Siphnos,Siphnos,2,ESB,12
Athens,Athens,Sparta,Sparta,1,ESB,12
Athens,Athens,Tanagra,Tanagra,1,ESB,12
Athens,Athens,Scythopolis,Scythopolis,2,ESB,12
Athens,Athens,Berenike,Berenike,1,ESB,12
Athens,Athens,Kommos,Kommos,1,ESB,12
Athens,Athens,Olympia,Olympia,1,ESB,12
Athens,Athens,Tarsos,Tarsos,2,ESB,12
Athens,Athens,Thasos,Thasos,1,ESB,12
Athens,Athens,Samaria-Sebaste,Samaria-Sebaste,1,ESB,12
Athens,Athens,Iasos,Iasos,1,ESB,12
Athens,Athens,Sumhuram,Sumhuram,1,ESB,12
Athens,Athens,Tel_Anafa,Tel_Anafa,1,ESB,12
Athens,Athens,MS010,MS010,1,ESB,12
Athens,Athens,Pylos,Pylos,1,ESB,12
Ayios_Philon,Ayios_Philon,Berenice,Berenice,1,ESB,12
Ayios_Philon,Ayios_Philon,Corinth,Corinth,1,ESB,12
Ayios_Philon,Ayios_Philon,Emporio,Emporio,1,ESB,12
Ayios_Philon,Ayios_Philon,Ephesos,Ephesos,1,ESB,12
Ayios_Philon,Ayios_Philon,Eretria,Eretria,1,ESB,12
Ayios_Philon,Ayios_Philon,Gortyn,Gortyn,1,ESB,12
Ayios_Philon,Ayios_Philon,Isthmia,Isthmia,1,ESB,12
Ayios_Philon,Ayios_Philon,Kastro_Tigani,Kastro_Tigani,1,ESB,12
Ayios_Philon,Ayios_Philon,Knossos,Knossos,1,ESB,12
Ayios_Philon,Ayios_Philon,Kourion,Kourion,1,ESB,12
Ayios_Philon,Ayios_Philon,Kythera,Kythera,1,ESB,12
Ayios_Philon,Ayios_Philon,Labraunda,Labraunda,1,ESB,12
Ayios_Philon,Ayios_Philon,Nikopolis,Nikopolis,1,ESB,12
Ayios_Philon,Ayios_Philon,Paphos,Paphos,1,ESB,12
Ayios_Philon,Ayios_Philon,Petra,Petra,1,ESB,12
Ayios_Philon,Ayios_Philon,Samos_(Heraion),Samos_(Heraion),1,ESB,12
Ayios_Philon,Ayios_Philon,Siphnos,Siphnos,1,ESB,12
Ayios_Philon,Ayios_Philon,Sparta,Sparta,1,ESB,12
Ayios_Philon,Ayios_Philon,Stobi,Stobi,1,ESB,12
Ayios_Philon,Ayios_Philon,Tanagra,Tanagra,1,ESB,12
Ayios_Philon,Ayios_Philon,Troia/Ilion,Troia/Ilion,1,ESB,12
Berenice,Berenice,Corinth,Corinth,5,ESB,12
Berenice,Berenice,Emporio,Emporio,1,ESB,12
Berenice,Berenice,Ephesos,Ephesos,4,ESB,12
Berenice,Berenice,Eretria,Eretria,2,ESB,12
Berenice,Berenice,Gortyn,Gortyn,2,ESB,12
Berenice,Berenice,Isthmia,Isthmia,1,ESB,12
Berenice,Berenice,Kastro_Tigani,Kastro_Tigani,1,ESB,12
Berenice,Berenice,Knossos,Knossos,3,ESB,12
Berenice,Berenice,Kourion,Kourion,1,ESB,12
Berenice,Berenice,Kythera,Kythera,1,ESB,12
Berenice,Berenice,Labraunda,Labraunda,2,ESB,12
Berenice,Berenice,Nikopolis,Nikopolis,1,ESB,12
Berenice,Berenice,Paphos,Paphos,3,ESB,12
Berenice,Berenice,Petra,Petra,1,ESB,12
Berenice,Berenice,Samos_(Heraion),Samos_(Heraion),2,ESB,12
Berenice,Berenice,Siphnos,Siphnos,2,ESB,12
Berenice,Berenice,Sparta,Sparta,1,ESB,12
Berenice,Berenice,Stobi,Stobi,3,ESB,12
Berenice,Berenice,Tanagra,Tanagra,1,ESB,12
Berenice,Berenice,Troia/Ilion,Troia/Ilion,1,ESB,12
Berenice,Berenice,Berenike,Berenike,1,ESB,12
Berenice,Berenice,Kenchreai,Kenchreai,1,ESB,12
Berenice,Berenice,Kommos,Kommos,1,ESB,12
Berenice,Berenice,Olympia,Olympia,1,ESB,12
Berenice,Berenice,Tarsos,Tarsos,2,ESB,12
Berenice,Berenice,Tenos,Tenos,1,ESB,12
Berenice,Berenice,Thasos,Thasos,1,ESB,12
Berenice,Berenice,Iasos,Iasos,1,ESB,12
Berenice,Berenice,Sumhuram,Sumhuram,1,ESB,12
Berenice,Berenice,Tel_Anafa,Tel_Anafa,1,ESB,12
Berenice,Berenice,Pylos,Pylos,1,ESB,12
Berenike,Berenike,Corinth,Corinth,1,ESB,12
Berenike,Berenike,Ephesos,Ephesos,1,ESB,12
Berenike,Berenike,Eretria,Eretria,1,ESB,12
Berenike,Berenike,Gortyn,Gortyn,1,ESB,12
Berenike,Berenike,Kenchreai,Kenchreai,1,ESB,12
Berenike,Berenike,Knossos,Knossos,1,ESB,12
Berenike,Berenike,Kommos,Kommos,1,ESB,12
Berenike,Berenike,Labraunda,Labraunda,1,ESB,12
Berenike,Berenike,Olympia,Olympia,1,ESB,12
Berenike,Berenike,Paphos,Paphos,1,ESB,12
Berenike,Berenike,Samos_(Heraion),Samos_(Heraion),1,ESB,12
Berenike,Berenike,Siphnos,Siphnos,1,ESB,12
Berenike,Berenike,Stobi,Stobi,1,ESB,12
Berenike,Berenike,Tarsos,Tarsos,1,ESB,12
Berenike,Berenike,Tenos,Tenos,1,ESB,12
Berenike,Berenike,Thasos,Thasos,1,ESB,12
Corinth,Corinth,Ephesos,Ephesos,10,ESB,12
Corinth,Corinth,Paphos,Paphos,6,ESB,12
Corinth,Corinth,Knossos,Knossos,7,ESB,12
Corinth,Corinth,Labraunda,Labraunda,4,ESB,12
Corinth,Corinth,Priene,Priene,3,ESB,12
Corinth,Corinth,Ed-Dur,Ed-Dur,1,ESB,12
Corinth,Corinth,Didyma,Didyma,1,ESB,12
Corinth,Corinth,Gortyn,Gortyn,3,ESB,12
Corinth,Corinth,Isthmia,Isthmia,2,ESB,12
Corinth,Corinth,Kastro_Tigani,Kastro_Tigani,2,ESB,12
Corinth,Corinth,Kenchreai,Kenchreai,2,ESB,12
Corinth,Corinth,Kourion,Kourion,2,ESB,12
Corinth,Corinth,Samos_(Heraion),Samos_(Heraion),3,ESB,12
Corinth,Corinth,Stobi,Stobi,4,ESB,12
Corinth,Corinth,Tenos,Tenos,2,ESB,12
Corinth,Corinth,Troia/Ilion,Troia/Ilion,3,ESB,12
Corinth,Corinth,Emporio,Emporio,1,ESB,12
Corinth,Corinth,Eretria,Eretria,2,ESB,12
Corinth,Corinth,Kythera,Kythera,1,ESB,12
Corinth,Corinth,Nikopolis,Nikopolis,1,ESB,12
Corinth,Corinth,Petra,Petra,1,ESB,12
Corinth,Corinth,Siphnos,Siphnos,2,ESB,12
Corinth,Corinth,Sparta,Sparta,1,ESB,12
Corinth,Corinth,Tanagra,Tanagra,1,ESB,12
Corinth,Corinth,Scythopolis,Scythopolis,1,ESB,12
Corinth,Corinth,Kommos,Kommos,1,ESB,12
Corinth,Corinth,Olympia,Olympia,1,ESB,12
Corinth,Corinth,Tarsos,Tarsos,2,ESB,12
Corinth,Corinth,Thasos,Thasos,1,ESB,12
Corinth,Corinth,Iasos,Iasos,1,ESB,12
Corinth,Corinth,Sumhuram,Sumhuram,1,ESB,12
Corinth,Corinth,Tel_Anafa,Tel_Anafa,1,ESB,12
Corinth,Corinth,Pylos,Pylos,1,ESB,12
Didyma,Didyma,Ephesos,Ephesos,1,ESB,12
Didyma,Didyma,Gortyn,Gortyn,1,ESB,12
Didyma,Didyma,Isthmia,Isthmia,1,ESB,12
Didyma,Didyma,Kastro_Tigani,Kastro_Tigani,1,ESB,12
Didyma,Didyma,Kenchreai,Kenchreai,1,ESB,12
Didyma,Didyma,Knossos,Knossos,1,ESB,12
Didyma,Didyma,Kourion,Kourion,1,ESB,12
Didyma,Didyma,Labraunda,Labraunda,1,ESB,12
Didyma,Didyma,Paphos,Paphos,1,ESB,12
Didyma,Didyma,Samos_(Heraion),Samos_(Heraion),1,ESB,12
Didyma,Didyma,Stobi,Stobi,1,ESB,12
Didyma,Didyma,Tenos,Tenos,1,ESB,12
Didyma,Didyma,Troia/Ilion,Troia/Ilion,1,ESB,12
Ed-Dur,Ed-Dur,Ephesos,Ephesos,1,ESB,12
Ed-Dur,Ed-Dur,Knossos,Knossos,1,ESB,12
Ed-Dur,Ed-Dur,Priene,Priene,1,ESB,12
Emporio,Emporio,Ephesos,Ephesos,1,ESB,12
Emporio,Emporio,Eretria,Eretria,1,ESB,12
Emporio,Emporio,Gortyn,Gortyn,1,ESB,12
Emporio,Emporio,Isthmia,Isthmia,1,ESB,12
Emporio,Emporio,Kastro_Tigani,Kastro_Tigani,1,ESB,12
Emporio,Emporio,Knossos,Knossos,1,ESB,12
Emporio,Emporio,Kourion,Kourion,1,ESB,12
Emporio,Emporio,Kythera,Kythera,1,ESB,12
Emporio,Emporio,Labraunda,Labraunda,1,ESB,12
Emporio,Emporio,Nikopolis,Nikopolis,1,ESB,12
Emporio,Emporio,Paphos,Paphos,1,ESB,12
Emporio,Emporio,Petra,Petra,1,ESB,12
Emporio,Emporio,Samos_(Heraion),Samos_(Heraion),1,ESB,12
Emporio,Emporio,Siphnos,Siphnos,1,ESB,12
Emporio,Emporio,Sparta,Sparta,1,ESB,12
Emporio,Emporio,Stobi,Stobi,1,ESB,12
Emporio,Emporio,Tanagra,Tanagra,1,ESB,12
Emporio,Emporio,Troia/Ilion,Troia/Ilion,1,ESB,12
Ephesos,Ephesos,Paphos,Paphos,7,ESB,12
Ephesos,Ephesos,Pergamon,Pergamon,1,ESB,12
Ephesos,Ephesos,Priene,Priene,5,ESB,12
Ephesos,Ephesos,Knossos,Knossos,10,ESB,12
Ephesos,Ephesos,Labraunda,Labraunda,5,ESB,12
Ephesos,Ephesos,Iasos,Iasos,2,ESB,12
Ephesos,Ephesos,Kenchreai,Kenchreai,3,ESB,12
Ephesos,Ephesos,Stobi,Stobi,5,ESB,12
Ephesos,Ephesos,Tarsos,Tarsos,3,ESB,12
Ephesos,Ephesos,Gortyn,Gortyn,3,ESB,12
Ephesos,Ephesos,Isthmia,Isthmia,2,ESB,12
Ephesos,Ephesos,Kastro_Tigani,Kastro_Tigani,2,ESB,12
Ephesos,Ephesos,Kourion,Kourion,2,ESB,12
Ephesos,Ephesos,Samos_(Heraion),Samos_(Heraion),3,ESB,12
Ephesos,Ephesos,Tenos,Tenos,2,ESB,12
Ephesos,Ephesos,Troia/Ilion,Troia/Ilion,3,ESB,12
Ephesos,Ephesos,Eretria,Eretria,2,ESB,12
Ephesos,Ephesos,Kythera,Kythera,1,ESB,12
Ephesos,Ephesos,Nikopolis,Nikopolis,1,ESB,12
Ephesos,Ephesos,Petra,Petra,1,ESB,12
Ephesos,Ephesos,Siphnos,Siphnos,2,ESB,12
Ephesos,Ephesos,Sparta,Sparta,1,ESB,12
Ephesos,Ephesos,Tanagra,Tanagra,1,ESB,12
Ephesos,Ephesos,Scythopolis,Scythopolis,2,ESB,12
Ephesos,Ephesos,Kommos,Kommos,1,ESB,12
Ephesos,Ephesos,Olympia,Olympia,1,ESB,12
Ephesos,Ephesos,Thasos,Thasos,1,ESB,12
Ephesos,Ephesos,Samaria-Sebaste,Samaria-Sebaste,1,ESB,12
Ephesos,Ephesos,Sumhuram,Sumhuram,1,ESB,12
Ephesos,Ephesos,Tel_Anafa,Tel_Anafa,1,ESB,12
Ephesos,Ephesos,Pylos,Pylos,1,ESB,12
Eretria,Eretria,Gortyn,Gortyn,2,ESB,12
Eretria,Eretria,Isthmia,Isthmia,1,ESB,12
Eretria,Eretria,Kastro_Tigani,Kastro_Tigani,1,ESB,12
Eretria,Eretria,Knossos,Knossos,2,ESB,12
Eretria,Eretria,Kourion,Kourion,1,ESB,12
Eretria,Eretria,Kythera,Kythera,1,ESB,12
Eretria,Eretria,Labraunda,Labraunda,2,ESB,12
Eretria,Eretria,Nikopolis,Nikopolis,1,ESB,12
Eretria,Eretria,Paphos,Paphos,2,ESB,12
Eretria,Eretria,Petra,Petra,1,ESB,12
Eretria,Eretria,Samos_(Heraion),Samos_(Heraion),2,ESB,12
Eretria,Eretria,Siphnos,Siphnos,2,ESB,12
Eretria,Eretria,Sparta,Sparta,1,ESB,12
Eretria,Eretria,Stobi,Stobi,2,ESB,12
Eretria,Eretria,Tanagra,Tanagra,1,ESB,12
Eretria,Eretria,Troia/Ilion,Troia/Ilion,1,ESB,12
Eretria,Eretria,Kenchreai,Kenchreai,1,ESB,12
Eretria,Eretria,Kommos,Kommos,1,ESB,12
Eretria,Eretria,Olympia,Olympia,1,ESB,12
Eretria,Eretria,Tarsos,Tarsos,1,ESB,12
Eretria,Eretria,Tenos,Tenos,1,ESB,12
Eretria,Eretria,Thasos,Thasos,1,ESB,12
Gortyn,Gortyn,Isthmia,Isthmia,2,ESB,12
Gortyn,Gortyn,Kastro_Tigani,Kastro_Tigani,2,ESB,12
Gortyn,Gortyn,Kenchreai,Kenchreai,2,ESB,12
Gortyn,Gortyn,Knossos,Knossos,3,ESB,12
Gortyn,Gortyn,Kourion,Kourion,2,ESB,12
Gortyn,Gortyn,Labraunda,Labraunda,3,ESB,12
Gortyn,Gortyn,Paphos,Paphos,3,ESB,12
Gortyn,Gortyn,Samos_(Heraion),Samos_(Heraion),3,ESB,12
Gortyn,Gortyn,Stobi,Stobi,3,ESB,12
Gortyn,Gortyn,Tenos,Tenos,2,ESB,12
Gortyn,Gortyn,Troia/Ilion,Troia/Ilion,2,ESB,12
Gortyn,Gortyn,Kythera,Kythera,1,ESB,12
Gortyn,Gortyn,Nikopolis,Nikopolis,1,ESB,12
Gortyn,Gortyn,Petra,Petra,1,ESB,12
Gortyn,Gortyn,Siphnos,Siphnos,2,ESB,12
Gortyn,Gortyn,Sparta,Sparta,1,ESB,12
Gortyn,Gortyn,Tanagra,Tanagra,1,ESB,12
Gortyn,Gortyn,Kommos,Kommos,1,ESB,12
Gortyn,Gortyn,Olympia,Olympia,1,ESB,12
Gortyn,Gortyn,Tarsos,Tarsos,1,ESB,12
Gortyn,Gortyn,Thasos,Thasos,1,ESB,12
Iasos,Iasos,Kenchreai,Kenchreai,1,ESB,12
Iasos,Iasos,Knossos,Knossos,1,ESB,12
Iasos,Iasos,Labraunda,Labraunda,1,ESB,12
Iasos,Iasos,Priene,Priene,1,ESB,12
Iasos,Iasos,Stobi,Stobi,2,ESB,12
Iasos,Iasos,Tarsos,Tarsos,2,ESB,12
Iasos,Iasos,Paphos,Paphos,1,ESB,12
Iasos,Iasos,Sumhuram,Sumhuram,1,ESB,12
Iasos,Iasos,Tel_Anafa,Tel_Anafa,1,ESB,12
Isthmia,Isthmia,Kastro_Tigani,Kastro_Tigani,2,ESB,12
Isthmia,Isthmia,Kenchreai,Kenchreai,1,ESB,12
Isthmia,Isthmia,Knossos,Knossos,2,ESB,12
Isthmia,Isthmia,Kourion,Kourion,2,ESB,12
Isthmia,Isthmia,Labraunda,Labraunda,2,ESB,12
Isthmia,Isthmia,Paphos,Paphos,2,ESB,12
Isthmia,Isthmia,Samos_(Heraion),Samos_(Heraion),2,ESB,12
Isthmia,Isthmia,Stobi,Stobi,2,ESB,12
Isthmia,Isthmia,Tenos,Tenos,1,ESB,12
Isthmia,Isthmia,Troia/Ilion,Troia/Ilion,2,ESB,12
Isthmia,Isthmia,Kythera,Kythera,1,ESB,12
Isthmia,Isthmia,Nikopolis,Nikopolis,1,ESB,12
Isthmia,Isthmia,Petra,Petra,1,ESB,12
Isthmia,Isthmia,Siphnos,Siphnos,1,ESB,12
Isthmia,Isthmia,Sparta,Sparta,1,ESB,12
Isthmia,Isthmia,Tanagra,Tanagra,1,ESB,12
Kastro_Tigani,Kastro_Tigani,Kenchreai,Kenchreai,1,ESB,12
Kastro_Tigani,Kastro_Tigani,Knossos,Knossos,2,ESB,12
Kastro_Tigani,Kastro_Tigani,Kourion,Kourion,2,ESB,12
Kastro_Tigani,Kastro_Tigani,Labraunda,Labraunda,2,ESB,12
Kastro_Tigani,Kastro_Tigani,Paphos,Paphos,2,ESB,12
Kastro_Tigani,Kastro_Tigani,Samos_(Heraion),Samos_(Heraion),2,ESB,12
Kastro_Tigani,Kastro_Tigani,Stobi,Stobi,2,ESB,12
Kastro_Tigani,Kastro_Tigani,Tenos,Tenos,1,ESB,12
Kastro_Tigani,Kastro_Tigani,Troia/Ilion,Troia/Ilion,2,ESB,12
Kastro_Tigani,Kastro_Tigani,Kythera,Kythera,1,ESB,12
Kastro_Tigani,Kastro_Tigani,Nikopolis,Nikopolis,1,ESB,12
Kastro_Tigani,Kastro_Tigani,Petra,Petra,1,ESB,12
Kastro_Tigani,Kastro_Tigani,Siphnos,Siphnos,1,ESB,12
Kastro_Tigani,Kastro_Tigani,Sparta,Sparta,1,ESB,12
Kastro_Tigani,Kastro_Tigani,Tanagra,Tanagra,1,ESB,12
Kenchreai,Kenchreai,Knossos,Knossos,3,ESB,12
Kenchreai,Kenchreai,Labraunda,Labraunda,3,ESB,12
Kenchreai,Kenchreai,Priene,Priene,1,ESB,12
Kenchreai,Kenchreai,Stobi,Stobi,3,ESB,12
Kenchreai,Kenchreai,Tarsos,Tarsos,2,ESB,12
Kenchreai,Kenchreai,Kourion,Kourion,1,ESB,12
Kenchreai,Kenchreai,Paphos,Paphos,2,ESB,12
Kenchreai,Kenchreai,Samos_(Heraion),Samos_(Heraion),2,ESB,12
Kenchreai,Kenchreai,Tenos,Tenos,2,ESB,12
Kenchreai,Kenchreai,Troia/Ilion,Troia/Ilion,1,ESB,12
Kenchreai,Kenchreai,Kommos,Kommos,1,ESB,12
Kenchreai,Kenchreai,Olympia,Olympia,1,ESB,12
Kenchreai,Kenchreai,Siphnos,Siphnos,1,ESB,12
Kenchreai,Kenchreai,Thasos,Thasos,1,ESB,12
Knossos,Knossos,Myos_Hormos,Myos_Hormos,1,ESB,12
Knossos,Knossos,Labraunda,Labraunda,5,ESB,12
Knossos,Knossos,Paphos,Paphos,5,ESB,12
Knossos,Knossos,Priene,Priene,3,ESB,12
Knossos,Knossos,Stobi,Stobi,4,ESB,12
Knossos,Knossos,Tarsos,Tarsos,2,ESB,12
Knossos,Knossos,Kourion,Kourion,2,ESB,12
Knossos,Knossos,Samos_(Heraion),Samos_(Heraion),3,ESB,12
Knossos,Knossos,Tenos,Tenos,2,ESB,12
Knossos,Knossos,Troia/Ilion,Troia/Ilion,3,ESB,12
Knossos,Knossos,Kythera,Kythera,1,ESB,12
Knossos,Knossos,Nikopolis,Nikopolis,1,ESB,12
Knossos,Knossos,Petra,Petra,1,ESB,12
Knossos,Knossos,Siphnos,Siphnos,2,ESB,12
Knossos,Knossos,Sparta,Sparta,1,ESB,12
Knossos,Knossos,Tanagra,Tanagra,1,ESB,12
Knossos,Knossos,Scythopolis,Scythopolis,2,ESB,12
Knossos,Knossos,Kommos,Kommos,1,ESB,12
Knossos,Knossos,Olympia,Olympia,1,ESB,12
Knossos,Knossos,Thasos,Thasos,1,ESB,12
Knossos,Knossos,Samaria-Sebaste,Samaria-Sebaste,1,ESB,12
Knossos,Knossos,MS010,MS010,1,ESB,12
Knossos,Knossos,Pylos,Pylos,1,ESB,12
Kommos,Kommos,Labraunda,Labraunda,1,ESB,12
Kommos,Kommos,Olympia,Olympia,1,ESB,12
Kommos,Kommos,Paphos,Paphos,1,ESB,12
Kommos,Kommos,Samos_(Heraion),Samos_(Heraion),1,ESB,12
Kommos,Kommos,Siphnos,Siphnos,1,ESB,12
Kommos,Kommos,Stobi,Stobi,1,ESB,12
Kommos,Kommos,Tarsos,Tarsos,1,ESB,12
Kommos,Kommos,Tenos,Tenos,1,ESB,12
Kommos,Kommos,Thasos,Thasos,1,ESB,12
Kourion,Kourion,Labraunda,Labraunda,2,ESB,12
Kourion,Kourion,Paphos,Paphos,2,ESB,12
Kourion,Kourion,Samos_(Heraion),Samos_(Heraion),2,ESB,12
Kourion,Kourion,Stobi,Stobi,2,ESB,12
Kourion,Kourion,Tenos,Tenos,1,ESB,12
Kourion,Kourion,Troia/Ilion,Troia/Ilion,2,ESB,12
Kourion,Kourion,Kythera,Kythera,1,ESB,12
Kourion,Kourion,Nikopolis,Nikopolis,1,ESB,12
Kourion,Kourion,Petra,Petra,1,ESB,12
Kourion,Kourion,Siphnos,Siphnos,1,ESB,12
Kourion,Kourion,Sparta,Sparta,1,ESB,12
Kourion,Kourion,Tanagra,Tanagra,1,ESB,12
Kythera,Kythera,Labraunda,Labraunda,1,ESB,12
Kythera,Kythera,Nikopolis,Nikopolis,1,ESB,12
Kythera,Kythera,Paphos,Paphos,1,ESB,12
Kythera,Kythera,Petra,Petra,1,ESB,12
Kythera,Kythera,Samos_(Heraion),Samos_(Heraion),1,ESB,12
Kythera,Kythera,Siphnos,Siphnos,1,ESB,12
Kythera,Kythera,Sparta,Sparta,1,ESB,12
Kythera,Kythera,Stobi,Stobi,1,ESB,12
Kythera,Kythera,Tanagra,Tanagra,1,ESB,12
Kythera,Kythera,Troia/Ilion,Troia/Ilion,1,ESB,12
Labraunda,Labraunda,Paphos,Paphos,4,ESB,12
Labraunda,Labraunda,Priene,Priene,2,ESB,12
Labraunda,Labraunda,Stobi,Stobi,4,ESB,12
Labraunda,Labraunda,Tarsos,Tarsos,2,ESB,12
Labraunda,Labraunda,Samos_(Heraion),Samos_(Heraion),3,ESB,12
Labraunda,Labraunda,Tenos,Tenos,2,ESB,12
Labraunda,Labraunda,Troia/Ilion,Troia/Ilion,2,ESB,12
Labraunda,Labraunda,Nikopolis,Nikopolis,1,ESB,12
Labraunda,Labraunda,Petra,Petra,1,ESB,12
Labraunda,Labraunda,Siphnos,Siphnos,2,ESB,12
Labraunda,Labraunda,Sparta,Sparta,1,ESB,12
Labraunda,Labraunda,Tanagra,Tanagra,1,ESB,12
Labraunda,Labraunda,Olympia,Olympia,1,ESB,12
Labraunda,Labraunda,Thasos,Thasos,1,ESB,12
Nikopolis,Nikopolis,Paphos,Paphos,1,ESB,12
Nikopolis,Nikopolis,Petra,Petra,1,ESB,12
Nikopolis,Nikopolis,Samos_(Heraion),Samos_(Heraion),1,ESB,12
Nikopolis,Nikopolis,Siphnos,Siphnos,1,ESB,12
Nikopolis,Nikopolis,Sparta,Sparta,1,ESB,12
Nikopolis,Nikopolis,Stobi,Stobi,1,ESB,12
Nikopolis,Nikopolis,Tanagra,Tanagra,1,ESB,12
Nikopolis,Nikopolis,Troia/Ilion,Troia/Ilion,1,ESB,12
Olympia,Olympia,Paphos,Paphos,1,ESB,12
Olympia,Olympia,Samos_(Heraion),Samos_(Heraion),1,ESB,12
Olympia,Olympia,Siphnos,Siphnos,1,ESB,12
Olympia,Olympia,Stobi,Stobi,1,ESB,12
Olympia,Olympia,Tarsos,Tarsos,1,ESB,12
Olympia,Olympia,Tenos,Tenos,1,ESB,12
Olympia,Olympia,Thasos,Thasos,1,ESB,12
Paphos,Paphos,Priene,Priene,1,ESB,12
Paphos,Paphos,Samos_(Heraion),Samos_(Heraion),3,ESB,12
Paphos,Paphos,Stobi,Stobi,4,ESB,12
Paphos,Paphos,Tenos,Tenos,2,ESB,12
Paphos,Paphos,Troia/Ilion,Troia/Ilion,2,ESB,12
Paphos,Paphos,Petra,Petra,1,ESB,12
Paphos,Paphos,Siphnos,Siphnos,2,ESB,12
Paphos,Paphos,Sparta,Sparta,1,ESB,12
Paphos,Paphos,Tanagra,Tanagra,1,ESB,12
Paphos,Paphos,Tarsos,Tarsos,2,ESB,12
Paphos,Paphos,Thasos,Thasos,1,ESB,12
Paphos,Paphos,Sumhuram,Sumhuram,1,ESB,12
Paphos,Paphos,Tel_Anafa,Tel_Anafa,1,ESB,12
Pergamon,Pergamon,Priene,Priene,1,ESB,12
Petra,Petra,Samos_(Heraion),Samos_(Heraion),1,ESB,12
Petra,Petra,Siphnos,Siphnos,1,ESB,12
Petra,Petra,Sparta,Sparta,1,ESB,12
Petra,Petra,Stobi,Stobi,1,ESB,12
Petra,Petra,Tanagra,Tanagra,1,ESB,12
Petra,Petra,Troia/Ilion,Troia/Ilion,1,ESB,12
Priene,Priene,Stobi,Stobi,1,ESB,12
Priene,Priene,Tarsos,Tarsos,1,ESB,12
Samaria-Sebaste,Samaria-Sebaste,Scythopolis,Scythopolis,1,ESB,12
Samos_(Heraion),Samos_(Heraion),Stobi,Stobi,3,ESB,12
Samos_(Heraion),Samos_(Heraion),Tenos,Tenos,2,ESB,12
Samos_(Heraion),Samos_(Heraion),Troia/Ilion,Troia/Ilion,2,ESB,12
Samos_(Heraion),Samos_(Heraion),Siphnos,Siphnos,2,ESB,12
Samos_(Heraion),Samos_(Heraion),Sparta,Sparta,1,ESB,12
Samos_(Heraion),Samos_(Heraion),Tanagra,Tanagra,1,ESB,12
Samos_(Heraion),Samos_(Heraion),Tarsos,Tarsos,1,ESB,12
Samos_(Heraion),Samos_(Heraion),Thasos,Thasos,1,ESB,12
Scythopolis,Scythopolis,Troia/Ilion,Troia/Ilion,1,ESB,12
Siphnos,Siphnos,Sparta,Sparta,1,ESB,12
Siphnos,Siphnos,Stobi,Stobi,2,ESB,12
Siphnos,Siphnos,Tanagra,Tanagra,1,ESB,12
Siphnos,Siphnos,Troia/Ilion,Troia/Ilion,1,ESB,12
Siphnos,Siphnos,Tarsos,Tarsos,1,ESB,12
Siphnos,Siphnos,Tenos,Tenos,1,ESB,12
Siphnos,Siphnos,Thasos,Thasos,1,ESB,12
Sparta,Sparta,Stobi,Stobi,1,ESB,12
Sparta,Sparta,Tanagra,Tanagra,1,ESB,12
Sparta,Sparta,Troia/Ilion,Troia/Ilion,1,ESB,12
Stobi,Stobi,Tarsos,Tarsos,3,ESB,12
Stobi,Stobi,Tenos,Tenos,2,ESB,12
Stobi,Stobi,Troia/Ilion,Troia/Ilion,2,ESB,12
Stobi,Stobi,Tanagra,Tanagra,1,ESB,12
Stobi,Stobi,Thasos,Thasos,1,ESB,12
Stobi,Stobi,Sumhuram,Sumhuram,1,ESB,12
Stobi,Stobi,Tel_Anafa,Tel_Anafa,1,ESB,12
Sumhuram,Sumhuram,Tarsos,Tarsos,1,ESB,12
Sumhuram,Sumhuram,Tel_Anafa,Tel_Anafa,1,ESB,12
Tanagra,Tanagra,Troia/Ilion,Troia/Ilion,1,ESB,12
Tarsos,Tarsos,Tenos,Tenos,1,ESB,12
Tarsos,Tarsos,Thasos,Thasos,1,ESB,12
Tarsos,Tarsos,Tel_Anafa,Tel_Anafa,1,ESB,12
Tenos,Tenos,Troia/Ilion,Troia/Ilion,1,ESB,12
Tenos,Tenos,Thasos,Thasos,1,ESB,12
Tenos,Tenos,Thasos,Thasos,0,,13